3390, 22.055, 51.118, 0, 22.255, 50.319, 0
5076, 22.044, 51.090, 0, 22.282, 50.355, 0
6762, 22.049, 51.122, 0, 22.268, 50.336, 0
8447, 22.049, 51.181, 0, 22.242, 50.327, 0
10133, 22.057, 51.088, 0, 22.255, 50.306, 0
11819, 22.063, 51.124, 0, 22.258, 50.304, 0
13504, 22.041, 51.082, 0, 22.247, 50.302, 0
15190, 22.049, 51.149, 0, 22.268, 50.273, 0
16876, 22.049, 51.101, 0, 22.260, 50.264, 0
18561, 22.073, 51.145, 0, 22.258, 50.292, 0
20247, 22.092, 51.160, 0, 22.266, 50.304, 0
21933, 22.119, 51.141, 0, 22.236, 50.319, 0
23618, 22.156, 51.185, 0, 22.260, 50.327, 0
25304, 22.185, 51.174, 0, 22.266, 50.334, 0
26989, 22.236, 51.206, 0, 22.266, 50.327, 0
28675, 22.266, 51.202, 0, 22.266, 50.323, 0
30361, 22.343, 51.208, 0, 22.268, 50.292, 0
32046, 22.394, 51.158, 0, 22.260, 50.331, 0
33732, 22.479, 51.160, 0, 22.266, 50.321, 0
35418, 22.517, 51.176, 0, 22.266, 50.353, 0
37103, 22.607, 51.115, 0, 22.271, 50.340, 0
38789, 22.674, 51.088, 0, 22.282, 50.338, 0
40475, 22.752, 51.057, 0, 22.268, 50.327, 0
42160, 22.848, 51.015, 0, 22.263, 50.302, 0
43846, 22.906, 51.002, 0, 22.271, 50.315, 0
45531, 22.997, 50.975, 0, 22.300, 50.285, 0
47217, 23.083, 50.928, 0, 22.300, 50.247, 0
48903, 23.192, 50.909, 0, 22.300, 50.237, 0
50588, 23.272, 50.840, 0, 22.292, 50.214, 0
52274, 23.360, 50.834, 0, 22.322, 50.188, 0
53960, 23.443, 50.764, 0, 22.319, 50.191, 0
55645, 23.555, 50.725, 0, 22.322, 50.136, 0
57331, 23.657, 50.680, 0, 22.303, 50.130, 0
59017, 23.729, 50.634, 0, 22.319, 50.128, 0
60702, 23.865, 50.580, 0, 22.319, 50.073, 0
62388, 23.937, 50.561, 0, 22.319, 50.079, 0
64074, 24.041, 50.497, 0, 22.316, 50.060, 0
65759, 24.135, 50.455, 0, 22.324, 50.073, 0
67445, 24.204, 50.416, 0, 22.308, 50.023, 0
69130, 24.332, 50.409, 0, 22.314, 50.065, 0
70816, 24.418, 50.340, 0, 22.356, 50.075, 0
72502, 24.538, 50.306, 0, 22.330, 50.029, 0
74187, 24.631, 50.270, 0, 22.332, 49.993, 0
75873, 24.712, 50.189, 0, 22.332, 50.025, 0
77559, 24.829, 50.151, 0, 22.335, 50.018, 0
79244, 24.931, 50.132, 0, 22.348, 49.983, 0
80930, 25.011, 50.094, 0, 22.348, 49.983, 0
82616, 25.115, 50.046, 0, 22.359, 50.037, 0
84301, 25.206, 50.010, 0, 22.346, 50.044, 0
85987, 25.304, 49.951, 0, 22.332, 50.052, 0
87673, 25.409, 49.919, 0, 22.356, 50.027, 0
89358, 25.510, 49.875, 0, 22.364, 50.052, 0
91044, 25.601, 49.844, 0, 22.367, 50.060, 0
92729, 25.689, 49.827, 0, 22.356, 50.023, 0
94415, 25.788, 49.726, 0, 22.367, 50.048, 0
96101, 25.903, 49.703, 0, 22.356, 50.039, 0
97786, 25.985, 49.659, 0, 22.359, 50.052, 0
99472, 26.079, 49.613, 0, 22.362, 50.044, 0
101158, 26.175, 49.571, 0, 22.362, 50.052, 0
102843, 26.271, 49.541, 0, 22.372, 50.077, 0
104529, 26.362, 49.522, 0, 22.378, 50.117, 0
106215, 26.466, 49.474, 0, 22.378, 50.126, 0
107900, 26.549, 49.440, 0, 22.375, 50.153, 0
109586, 26.666, 49.388, 0, 22.386, 50.209, 0
111271, 26.762, 49.358, 0, 22.388, 50.159, 0
112957, 26.843, 49.297, 0, 22.402, 50.094, 0
114643, 26.923, 49.261, 0, 22.396, 50.128, 0
116328, 27.021, 49.169, 0, 22.423, 50.079, 0
118014, 27.102, 49.154, 0, 22.410, 50.081, 0
119700, 27.216, 49.154, 0, 22.407, 50.044, 0
121385, 27.315, 49.068, 0, 22.399, 50.062, 0
123071, 27.411, 49.032, 0, 22.375, 50.014, 0
124757, 27.497, 48.953, 0, 22.378, 50.104, 0
126442, 27.585, 48.959, 0, 22.394, 50.151, 0
128128, 27.641, 48.885, 0, 22.367, 50.153, 0
129814, 27.724, 48.841, 0, 22.372, 50.188, 0
131499, 27.849, 48.791, 0, 22.380, 50.264, 0
133185, 27.927, 48.730, 0, 22.372, 50.226, 0
134870, 28.007, 48.688, 0, 22.367, 50.201, 0
136556, 28.124, 48.662, 0, 22.394, 50.161, 0
138242, 28.210, 48.637, 0, 22.394, 50.245, 0
139927, 28.266, 48.557, 0, 22.378, 50.205, 0
141613, 28.365, 48.522, 0, 22.407, 50.228, 0
143299, 28.439, 48.465, 0, 22.396, 50.210, 0
144984, 28.541, 48.440, 0, 22.394, 50.163, 0
146670, 28.632, 48.368, 0, 22.380, 50.144, 0
148356, 28.712, 48.393, 0, 22.375, 50.104, 0
150041, 28.789, 48.274, 0, 22.402, 50.064, 0
151727, 28.901, 48.236, 0, 22.394, 50.043, 0
153412, 28.968, 48.232, 0, 22.386, 50.043, 0
155098, 29.067, 48.126, 0, 22.404, 50.054, 0
156784, 29.163, 48.112, 0, 22.396, 50.062, 0
158469, 29.216, 48.047, 0, 22.399, 50.008, 0
160155, 29.294, 47.998, 0, 22.383, 50.027, 0
161841, 29.355, 47.958, 0, 22.394, 49.989, 0
163526, 29.454, 47.922, 0, 22.383, 49.953, 0
165212, 29.548, 47.870, 0, 22.386, 49.949, 0
166898, 29.614, 47.836, 0, 22.410, 49.991, 0
168583, 29.710, 47.765, 0, 22.399, 50.043, 0
170269, 29.796, 47.758, 0, 22.410, 50.001, 0
171955, 29.871, 47.674, 0, 22.399, 49.987, 0
173640, 29.921, 47.643, 0, 22.399, 49.987, 0
175326, 30.026, 47.586, 0, 22.412, 49.966, 0
177011, 30.138, 47.500, 0, 22.380, 49.928, 0
178697, 30.218, 47.443, 0, 22.399, 49.936, 0
180383, 30.293, 47.342, 0, 22.380, 49.928, 0
182068, 30.357, 47.220, 0, 22.386, 49.976, 0
183754, 30.445, 47.155, 0, 22.386, 50.025, 0
185440, 30.541, 47.111, 0, 22.383, 50.136, 0
187125, 30.608, 47.021, 0, 22.375, 50.174, 0
188811, 30.690, 46.981, 0, 22.378, 50.210, 0
190497, 30.765, 46.914, 0, 22.386, 50.266, 0
192182, 30.835, 46.819, 0, 22.383, 50.271, 0
193868, 30.933, 46.775, 0, 22.378, 50.277, 0
195554, 30.995, 46.720, 0, 22.362, 50.315, 0
197239, 31.094, 46.663, 0, 22.383, 50.302, 0
198925, 31.150, 46.571, 0, 22.375, 50.319, 0
200610, 31.243, 46.518, 0, 22.367, 50.357, 0
202296, 31.307, 46.455, 0, 22.372, 50.319, 0
203982, 31.387, 46.403, 0, 22.356, 50.346, 0
205667, 31.452, 46.316, 0, 22.372, 50.376, 0
207353, 31.556, 46.317, 0, 22.372, 50.390, 0
209039, 31.622, 46.209, 0, 22.386, 50.415, 0
210724, 31.687, 46.117, 0, 22.359, 50.392, 0
212410, 31.756, 46.049, 0, 22.356, 50.382, 0
214096, 31.852, 45.993, 0, 22.370, 50.363, 0
215781, 31.911, 45.934, 0, 22.386, 50.365, 0
217467, 31.994, 45.843, 0, 22.348, 50.392, 0
219152, 32.068, 45.791, 0, 22.367, 50.399, 0
220838, 32.151, 45.759, 0, 22.375, 50.409, 0
222524, 32.223, 45.680, 0, 22.372, 50.416, 0
224209, 32.293, 45.604, 0, 22.386, 50.405, 0
225895, 32.373, 45.541, 0, 22.362, 50.411, 0
227581, 32.482, 45.402, 0, 22.378, 50.416, 0
229266, 32.512, 45.375, 0, 22.367, 50.399, 0
230952, 32.589, 45.305, 0, 22.383, 50.439, 0
232638, 32.667, 45.219, 0, 22.375, 50.373, 0
234323, 32.733, 45.194, 0, 22.378, 50.395, 0
236009, 32.797, 45.110, 0, 22.356, 50.405, 0
237695, 32.893, 45.019, 0, 22.372, 50.426, 0
239380, 32.958, 44.954, 0, 22.367, 50.437, 0
241066, 33.024, 44.893, 0, 22.372, 50.416, 0
242751, 33.112, 44.847, 0, 22.370, 50.439, 0
244437, 33.177, 44.752, 0, 22.359, 50.392, 0
246123, 33.257, 44.711, 0, 22.362, 50.394, 0
247808, 33.331, 44.610, 0, 22.348, 50.416, 0
249494, 33.396, 44.544, 0, 22.348, 50.422, 0
251180, 33.462, 44.477, 0, 22.375, 50.426, 0
252865, 33.516, 44.448, 0, 22.383, 50.430, 0
254551, 33.625, 44.330, 0, 22.370, 50.409, 0
256237, 33.681, 44.265, 0, 22.372, 50.413, 0
257922, 33.761, 44.223, 0, 22.375, 50.403, 0
259608, 33.831, 44.122, 0, 22.367, 50.397, 0
261293, 33.882, 44.006, 0, 22.372, 50.378, 0
262979, 33.980, 43.983, 0, 22.378, 50.367, 0
264665, 34.036, 43.933, 0, 22.383, 50.395, 0
266350, 34.119, 43.836, 0, 22.380, 50.346, 0
268036, 34.154, 43.802, 0, 22.378, 50.363, 0
269722, 34.229, 43.725, 0, 22.383, 50.365, 0
271407, 34.303, 43.613, 0, 22.383, 50.323, 0
273093, 34.378, 43.533, 0, 22.388, 50.348, 0
274779, 34.440, 43.498, 0, 22.394, 50.338, 0
276464, 34.506, 43.405, 0, 22.402, 50.344, 0
278150, 34.560, 43.351, 0, 22.370, 50.350, 0
279836, 34.640, 43.266, 0, 22.372, 50.327, 0
281521, 34.704, 43.168, 0, 22.386, 50.350, 0
283207, 34.784, 43.138, 0, 22.386, 50.359, 0
284892, 34.856, 43.054, 0, 22.375, 50.373, 0
286578, 34.915, 43.039, 0, 22.372, 50.353, 0
288264, 34.998, 42.917, 0, 22.386, 50.376, 0
289949, 35.048, 42.859, 0, 22.394, 50.340, 0
291635, 35.113, 42.787, 0, 22.380, 50.353, 0
293321, 35.171, 42.741, 0, 22.378, 50.353, 0
295006, 35.222, 42.644, 0, 22.362, 50.415, 0
296692, 35.315, 42.568, 0, 22.372, 50.369, 0
298378, 35.398, 42.510, 0, 22.362, 50.388, 0
300063, 35.438, 42.432, 0, 22.359, 50.420, 0
301749, 35.505, 42.362, 0, 22.372, 50.413, 0
303434, 35.564, 42.281, 0, 22.356, 50.424, 0
305120, 35.639, 42.222, 0, 22.351, 50.451, 0
306806, 35.708, 42.163, 0, 22.346, 50.437, 0
308491, 35.769, 42.123, 0, 22.351, 50.432, 0
310177, 35.809, 42.053, 0, 22.338, 50.464, 0
311863, 35.868, 41.971, 0, 22.327, 50.464, 0
313548, 35.954, 41.913, 0, 22.330, 50.476, 0
315234, 36.023, 41.833, 0, 22.332, 50.495, 0
316920, 36.082, 41.763, 0, 22.332, 50.477, 0
318605, 36.133, 41.698, 0, 22.343, 50.502, 0
320291, 36.213, 41.650, 0, 22.330, 50.519, 0
321977, 36.263, 41.566, 0, 22.316, 50.502, 0
323662, 36.320, 41.484, 0, 22.340, 50.502, 0
325348, 36.373, 41.410, 0, 22.332, 50.523, 0
327033, 36.437, 41.354, 0, 22.324, 50.497, 0
328719, 36.509, 41.332, 0, 22.324, 50.518, 0
330405, 36.560, 41.248, 0, 22.324, 50.514, 0
332090, 36.637, 41.200, 0, 22.319, 50.477, 0
333776, 36.667, 41.049, 0, 22.322, 50.531, 0
335462, 36.739, 41.024, 0, 22.346, 50.512, 0
337147, 36.808, 40.946, 0, 22.335, 50.479, 0
338833, 36.872, 40.864, 0, 22.324, 50.527, 0
340519, 36.915, 40.836, 0, 22.346, 50.512, 0
342204, 37.003, 40.715, 0, 22.330, 50.538, 0
343890, 37.038, 40.717, 0, 22.322, 50.527, 0
345575, 37.097, 40.622, 0, 22.348, 50.512, 0
347261, 37.145, 40.571, 0, 22.308, 50.493, 0
348947, 37.225, 40.569, 0, 22.348, 50.449, 0
350632, 37.257, 40.464, 0, 22.322, 50.422, 0
352318, 37.340, 40.435, 0, 22.327, 50.447, 0
354004, 37.393, 40.403, 0, 22.319, 50.418, 0
355689, 37.449, 40.338, 0, 22.327, 50.418, 0
357375, 37.527, 40.290, 0, 22.319, 50.424, 0
359061, 37.585, 40.254, 0, 22.343, 50.405, 0
360746, 37.644, 40.160, 0, 22.330, 50.441, 0
362432, 37.689, 40.132, 0, 22.367, 50.403, 0
364118, 37.735, 40.042, 0, 22.346, 50.392, 0
365803, 37.791, 39.979, 0, 22.356, 50.338, 0
367489, 37.858, 39.941, 0, 22.375, 50.319, 0
369174, 37.898, 39.865, 0, 22.383, 50.277, 0
370860, 37.967, 39.806, 0, 22.383, 50.256, 0
372546, 37.994, 39.691, 0, 22.378, 50.256, 0
374231, 38.074, 39.687, 0, 22.399, 50.270, 0
375917, 38.135, 39.596, 0, 22.383, 50.268, 0
377603, 38.165, 39.596, 0, 22.396, 50.271, 0
379288, 38.229, 39.529, 0, 22.412, 50.292, 0
380974, 38.309, 39.508, 0, 22.394, 50.279, 0
382660, 38.373, 39.392, 0, 22.434, 50.315, 0
384345, 38.394, 39.344, 0, 22.439, 50.319, 0
386031, 38.466, 39.277, 0, 22.428, 50.268, 0
387716, 38.504, 39.224, 0, 22.426, 50.285, 0
389402, 38.565, 39.155, 0, 22.418, 50.306, 0
391088, 38.605, 39.083, 0, 22.426, 50.254, 0
392773, 38.691, 39.054, 0, 22.434, 50.308, 0
394459, 38.723, 38.987, 0, 22.420, 50.312, 0
396145, 38.758, 38.921, 0, 22.415, 50.260, 0
397830, 38.835, 38.875, 0, 22.431, 50.302, 0
399516, 38.859, 38.799, 0, 22.410, 50.266, 0
401202, 38.952, 38.768, 0, 22.412, 50.300, 0
402887, 38.982, 38.697, 0, 22.404, 50.313, 0
404573, 39.025, 38.659, 0, 22.420, 50.321, 0
406259, 39.083, 38.575, 0, 22.415, 50.300, 0
407944, 39.147, 38.509, 0, 22.394, 50.300, 0
409630, 39.182, 38.467, 0, 22.436, 50.323, 0
411315, 39.233, 38.413, 0, 22.423, 50.285, 0
413001, 39.297, 38.381, 0, 22.466, 50.308, 0
414687, 39.334, 38.297, 0, 22.463, 50.271, 0
416372, 39.409, 38.240, 0, 22.461, 50.245, 0
418058, 39.452, 38.184, 0, 22.471, 50.277, 0
419744, 39.508, 38.121, 0, 22.477, 50.283, 0
421429, 39.556, 38.062, 0, 22.474, 50.247, 0
423115, 39.607, 38.034, 0, 22.466, 50.231, 0
424801, 39.647, 37.977, 0, 22.469, 50.247, 0
426486, 39.695, 37.883, 0, 22.471, 50.277, 0
428172, 39.748, 37.837, 0, 22.485, 50.220, 0
429857, 39.767, 37.774, 0, 22.469, 50.245, 0
431543, 39.839, 37.702, 0, 22.479, 50.233, 0
433229, 39.879, 37.700, 0, 22.458, 50.235, 0
434914, 39.935, 37.648, 0, 22.477, 50.218, 0
436600, 39.997, 37.559, 0, 22.485, 50.239, 0
438286, 40.034, 37.559, 0, 22.474, 50.233, 0
439971, 40.087, 37.473, 0, 22.474, 50.237, 0
441657, 40.119, 37.391, 0, 22.474, 50.239, 0
443343, 40.165, 37.338, 0, 22.490, 50.210, 0
445028, 40.221, 37.320, 0, 22.514, 50.220, 0
446714, 40.280, 37.265, 0, 22.498, 50.209, 0
448400, 40.301, 37.181, 0, 22.474, 50.209, 0
450085, 40.365, 37.160, 0, 22.503, 50.203, 0
451771, 40.402, 37.084, 0, 22.509, 50.203, 0
453456, 40.443, 37.032, 0, 22.487, 50.193, 0
455142, 40.523, 36.954, 0, 22.485, 50.247, 0
456828, 40.541, 36.933, 0, 22.477, 50.224, 0
458513, 40.587, 36.929, 0, 22.485, 50.239, 0
460199, 40.645, 36.824, 0, 22.487, 50.250, 0
461885, 40.688, 36.777, 0, 22.458, 50.199, 0
463570, 40.750, 36.704, 0, 22.474, 50.233, 0
465256, 40.784, 36.689, 0, 22.474, 50.237, 0
466942, 40.824, 36.609, 0, 22.474, 50.184, 0
468627, 40.864, 36.609, 0, 22.471, 50.161, 0
470313, 40.931, 36.506, 0, 22.447, 50.195, 0
471999, 40.963, 36.485, 0, 22.469, 50.205, 0
473684, 41.017, 36.384, 0, 22.463, 50.210, 0
475370, 41.038, 36.391, 0, 22.447, 50.239, 0
477055, 41.099, 36.334, 0, 22.469, 50.270, 0
478741, 41.123, 36.264, 0, 22.439, 50.243, 0
480427, 41.182, 36.231, 0, 22.455, 50.235, 0
482112, 41.225, 36.182, 0, 22.436, 50.270, 0
483798, 41.262, 36.107, 0, 22.444, 50.275, 0
485484, 41.321, 36.050, 0, 22.450, 50.287, 0
487169, 41.350, 36.037, 0, 22.444, 50.363, 0
488855, 41.398, 35.964, 0, 22.415, 50.374, 0
490541, 41.412, 35.949, 0, 22.439, 50.346, 0
492226, 41.479, 35.922, 0, 22.436, 50.340, 0
493912, 41.532, 35.825, 0, 22.439, 50.359, 0
495597, 41.548, 35.800, 0, 22.442, 50.336, 0
497283, 41.609, 35.779, 0, 22.442, 50.327, 0
498969, 41.655, 35.718, 0, 22.453, 50.346, 0
500654, 41.695, 35.688, 0, 22.463, 50.353, 0
502340, 41.719, 35.659, 0, 22.477, 50.346, 0
504026, 41.780, 35.558, 0, 22.447, 50.327, 0
505711, 41.823, 35.541, 0, 22.490, 50.338, 0
507397, 41.850, 35.493, 0, 22.479, 50.315, 0
509083, 41.887, 35.415, 0, 22.469, 50.283, 0
510768, 41.938, 35.384, 0, 22.490, 50.281, 0
512454, 41.967, 35.308, 0, 22.493, 50.239, 0
514140, 42.005, 35.295, 0, 22.503, 50.214, 0
515825, 42.058, 35.243, 0, 22.490, 50.245, 0
517511, 42.090, 35.205, 0, 22.514, 50.245, 0
519196, 42.133, 35.171, 0, 22.498, 50.241, 0
520882, 42.184, 35.129, 0, 22.487, 50.222, 0
522568, 42.210, 35.052, 0, 22.474, 50.209, 0
524253, 42.240, 35.039, 0, 22.477, 50.239, 0
525939, 42.290, 34.990, 0, 22.490, 50.218, 0
527625, 42.322, 34.942, 0, 22.498, 50.254, 0
529310, 42.387, 34.915, 0, 22.474, 50.270, 0
530996, 42.427, 34.887, 0, 22.485, 50.256, 0
532682, 42.451, 34.795, 0, 22.485, 50.270, 0
534367, 42.480, 34.742, 0, 22.485, 50.275, 0
536053, 42.515, 34.732, 0, 22.498, 50.241, 0
537738, 42.560, 34.675, 0, 22.495, 50.239, 0
539424, 42.613, 34.631, 0, 22.474, 50.210, 0
541110, 42.651, 34.610, 0, 22.495, 50.210, 0
542795, 42.683, 34.547, 0, 22.511, 50.233, 0
544481, 42.712, 34.505, 0, 22.495, 50.182, 0
546167, 42.752, 34.509, 0, 22.498, 50.165, 0
547852, 42.795, 34.417, 0, 22.498, 50.189, 0
549538, 42.816, 34.400, 0, 22.501, 50.165, 0
551224, 42.859, 34.345, 0, 22.514, 50.163, 0
552909, 42.897, 34.301, 0, 22.503, 50.155, 0
554595, 42.942, 34.269, 0, 22.498, 50.191, 0
556281, 42.963, 34.208, 0, 22.485, 50.222, 0
557966, 43.009, 34.162, 0, 22.498, 50.209, 0
559652, 43.033, 34.131, 0, 22.485, 50.229, 0
561337, 43.081, 34.105, 0, 22.482, 50.260, 0
563023, 43.134, 34.013, 0, 22.474, 50.264, 0
564709, 43.148, 33.986, 0, 22.490, 50.264, 0
566394, 43.214, 33.988, 0, 22.469, 50.270, 0
568080, 43.233, 33.927, 0, 22.474, 50.302, 0
569766, 43.241, 33.923, 0, 22.482, 50.287, 0
571451, 43.302, 33.864, 0, 22.458, 50.258, 0
573137, 43.318, 33.853, 0, 22.485, 50.292, 0
574823, 43.377, 33.729, 0, 22.474, 50.300, 0
576508, 43.409, 33.744, 0, 22.469, 50.321, 0
578194, 43.444, 33.681, 0, 22.485, 50.323, 0
579880, 43.463, 33.710, 0, 22.477, 50.300, 0
581565, 43.516, 33.626, 0, 22.487, 50.329, 0
583251, 43.521, 33.609, 0, 22.485, 50.310, 0
584936, 43.559, 33.511, 0, 22.487, 50.342, 0
586622, 43.612, 33.504, 0, 22.487, 50.312, 0
588308, 43.658, 33.454, 0, 22.493, 50.271, 0
589993, 43.684, 33.469, 0, 22.495, 50.321, 0
591679, 43.724, 33.410, 0, 22.482, 50.279, 0
593365, 43.764, 33.366, 0, 22.506, 50.304, 0
595050, 43.775, 33.368, 0, 22.487, 50.296, 0
596736, 43.807, 33.296, 0, 22.511, 50.313, 0
598422, 43.820, 33.214, 0, 22.501, 50.300, 0
600107, 43.882, 33.202, 0, 22.485, 50.289, 0
601793, 43.906, 33.164, 0, 22.506, 50.300, 0
603478, 43.957, 33.126, 0, 22.493, 50.281, 0
605164, 43.965, 33.117, 0, 22.501, 50.224, 0
606850, 44.013, 33.023, 0, 22.506, 50.256, 0
608535, 44.061, 33.063, 0, 22.511, 50.256, 0
610221, 44.071, 32.985, 0, 22.485, 50.220, 0
611907, 44.079, 32.914, 0, 22.506, 50.243, 0
613592, 44.130, 32.943, 0, 22.471, 50.258, 0
615278, 44.157, 32.901, 0, 22.503, 50.241, 0
616964, 44.189, 32.838, 0, 22.490, 50.226, 0
618649, 44.210, 32.808, 0, 22.503, 50.271, 0
620335, 44.253, 32.775, 0, 22.503, 50.231, 0
622021, 44.293, 32.710, 0, 22.514, 50.207, 0
623706, 44.325, 32.729, 0, 22.485, 50.235, 0
625392, 44.355, 32.680, 0, 22.493, 50.271, 0
627077, 44.357, 32.670, 0, 22.479, 50.262, 0
628763, 44.432, 32.642, 0, 22.487, 50.260, 0
630449, 44.432, 32.573, 0, 22.490, 50.271, 0
632134, 44.467, 32.523, 0, 22.474, 50.296, 0
633820, 44.496, 32.489, 0, 22.511, 50.283, 0
635506, 44.525, 32.472, 0, 22.522, 50.277, 0
637191, 44.560, 32.441, 0, 22.519, 50.283, 0
638877, 44.595, 32.403, 0, 22.538, 50.273, 0
640563, 44.622, 32.376, 0, 22.570, 50.220, 0
642248, 44.664, 32.336, 0, 22.559, 50.209, 0
643934, 44.675, 32.298, 0, 22.565, 50.231, 0
645620, 44.720, 32.310, 0, 22.575, 50.170, 0
647305, 44.739, 32.294, 0, 22.562, 50.136, 0
648991, 44.755, 32.184, 0, 22.541, 50.130, 0
650676, 44.803, 32.169, 0, 22.559, 50.123, 0
652362, 44.835, 32.149, 0, 22.530, 50.134, 0
654048, 44.857, 32.104, 0, 22.541, 50.140, 0
655733, 44.886, 32.102, 0, 22.557, 50.195, 0
657419, 44.907, 32.113, 0, 22.538, 50.193, 0
659105, 44.947, 31.987, 0, 22.541, 50.188, 0
660790, 44.961, 31.995, 0, 22.533, 50.168, 0
662476, 45.003, 31.947, 0, 22.541, 50.125, 0
664162, 45.014, 31.919, 0, 22.543, 50.136, 0
665847, 45.049, 31.896, 0, 22.554, 50.146, 0
667533, 45.078, 31.877, 0, 22.549, 50.174, 0
669219, 45.102, 31.821, 0, 22.565, 50.165, 0
670904, 45.132, 31.795, 0, 22.567, 50.151, 0
672590, 45.156, 31.753, 0, 22.581, 50.134, 0
674275, 45.177, 31.783, 0, 22.575, 50.121, 0
675961, 45.214, 31.705, 0, 22.575, 50.144, 0
677647, 45.214, 31.705, 0, 22.565, 50.155, 0
679332, 45.260, 31.612, 0, 22.586, 50.159, 0
681018, 45.300, 31.621, 0, 22.589, 50.149, 0
682704, 45.316, 31.552, 0, 22.583, 50.119, 0
684389, 45.337, 31.549, 0, 22.559, 50.111, 0
686075, 45.380, 31.518, 0, 22.557, 50.094, 0
687761, 45.396, 31.474, 0, 22.562, 50.128, 0
689446, 45.425, 31.425, 0, 22.589, 50.126, 0
691132, 45.452, 31.427, 0, 22.549, 50.123, 0
692818, 45.476, 31.358, 0, 22.562, 50.138, 0
694503, 45.516, 31.402, 0, 22.575, 50.144, 0
696189, 45.537, 31.285, 0, 22.589, 50.161, 0
697874, 45.543, 31.295, 0, 22.570, 50.134, 0
699560, 45.578, 31.266, 0, 22.565, 50.111, 0
701246, 45.612, 31.243, 0, 22.549, 50.081, 0
702931, 45.631, 31.207, 0, 22.565, 50.125, 0
704617, 45.644, 31.182, 0, 22.551, 50.149, 0
706303, 45.668, 31.144, 0, 22.554, 50.128, 0
707988, 45.684, 31.194, 0, 22.570, 50.168, 0
709674, 45.732, 31.135, 0, 22.581, 50.172, 0
711360, 45.743, 31.104, 0, 22.543, 50.140, 0
713045, 45.799, 31.028, 0, 22.570, 50.155, 0
714731, 45.823, 30.995, 0, 22.546, 50.149, 0
716416, 45.823, 30.990, 0, 22.562, 50.126, 0
718102, 45.834, 30.948, 0, 22.554, 50.142, 0
719788, 45.887, 30.854, 0, 22.562, 50.151, 0
721473, 45.903, 30.902, 0, 22.530, 50.188, 0
723159, 45.906, 30.784, 0, 22.551, 50.168, 0
724845, 45.949, 30.812, 0, 22.538, 50.216, 0
726530, 45.951, 30.816, 0, 22.541, 50.239, 0
728216, 45.991, 30.799, 0, 22.549, 50.228, 0
729902, 46.023, 30.709, 0, 22.546, 50.247, 0
731587, 46.045, 30.727, 0, 22.559, 50.250, 0
733273, 46.042, 30.656, 0, 22.554, 50.241, 0
734959, 46.082, 30.656, 0, 22.559, 50.241, 0
736644, 46.112, 30.593, 0, 22.570, 50.271, 0
738330, 46.130, 30.599, 0, 22.573, 50.209, 0
740015, 46.160, 30.589, 0, 22.575, 50.247, 0
741701, 46.176, 30.543, 0, 22.581, 50.237, 0
743387, 46.192, 30.471, 0, 22.597, 50.222, 0
745072, 46.208, 30.465, 0, 22.586, 50.151, 0
746758, 46.226, 30.433, 0, 22.575, 50.163, 0
748444, 46.277, 30.421, 0, 22.589, 50.146, 0
750129, 46.309, 30.378, 0, 22.589, 50.123, 0
751815, 46.315, 30.398, 0, 22.586, 50.155, 0
753501, 46.325, 30.345, 0, 22.605, 50.144, 0
755186, 46.352, 30.320, 0, 22.605, 50.153, 0
756872, 46.360, 30.295, 0, 22.594, 50.136, 0
758558, 46.397, 30.263, 0, 22.575, 50.119, 0
760243, 46.416, 30.219, 0, 22.578, 50.147, 0
761929, 46.461, 30.162, 0, 22.597, 50.128, 0
763614, 46.472, 30.206, 0, 22.589, 50.109, 0
765300, 46.477, 30.116, 0, 22.597, 50.111, 0
766986, 46.491, 30.074, 0, 22.575, 50.090, 0
768671, 46.536, 30.049, 0, 22.586, 50.126, 0
770357, 46.560, 30.046, 0, 22.607, 50.165, 0
772043, 46.552, 30.032, 0, 22.605, 50.142, 0
773728, 46.598, 30.006, 0, 22.597, 50.109, 0
775414, 46.582, 29.962, 0, 22.602, 50.098, 0
777100, 46.640, 29.986, 0, 22.591, 50.119, 0
778785, 46.683, 29.893, 0, 22.575, 50.128, 0
780471, 46.675, 29.901, 0, 22.597, 50.138, 0
782157, 46.694, 29.889, 0, 22.583, 50.149, 0
783842, 46.720, 29.822, 0, 22.594, 50.191, 0
785528, 46.747, 29.849, 0, 22.575, 50.170, 0
787213, 46.769, 29.746, 0, 22.557, 50.188, 0
788899, 46.790, 29.760, 0, 22.583, 50.157, 0
790585, 46.793, 29.712, 0, 22.562, 50.188, 0
792270, 46.835, 29.666, 0, 22.570, 50.195, 0
793956, 46.838, 29.679, 0, 22.578, 50.222, 0
795642, 46.867, 29.674, 0, 22.586, 50.195, 0
797327, 46.905, 29.657, 0, 22.573, 50.231, 0
799013, 46.905, 29.628, 0, 22.559, 50.212, 0
800699, 46.929, 29.567, 0, 22.575, 50.228, 0
802384, 46.947, 29.525, 0, 22.559, 50.222, 0
804070, 46.971, 29.546, 0, 22.575, 50.241, 0
805756, 46.979, 29.491, 0, 22.605, 50.237, 0
807441, 47.004, 29.487, 0, 22.565, 50.249, 0
809127, 47.036, 29.513, 0, 22.559, 50.212, 0
810812, 47.046, 29.409, 0, 22.559, 50.226, 0
812498, 47.062, 29.397, 0, 22.575, 50.197, 0
814184, 47.081, 29.376, 0, 22.559, 50.245, 0
815869, 47.100, 29.332, 0, 22.562, 50.235, 0
817555, 47.110, 29.307, 0, 22.567, 50.228, 0
819241, 47.137, 29.304, 0, 22.597, 50.254, 0
820926, 47.148, 29.258, 0, 22.573, 50.233, 0
822612, 47.190, 29.243, 0, 22.578, 50.262, 0
824298, 47.198, 29.252, 0, 22.583, 50.260, 0
825983, 47.204, 29.216, 0, 22.575, 50.228, 0
827669, 47.233, 29.187, 0, 22.562, 50.249, 0
829354, 47.257, 29.153, 0, 22.581, 50.235, 0
831040, 47.279, 29.111, 0, 22.610, 50.207, 0
832726, 47.311, 29.124, 0, 22.570, 50.231, 0
834411, 47.319, 29.082, 0, 22.602, 50.205, 0
836097, 47.321, 29.027, 0, 22.575, 50.201, 0
837783, 47.351, 29.018, 0, 22.597, 50.146, 0
839468, 47.337, 29.023, 0, 22.567, 50.178, 0
841154, 47.393, 28.972, 0, 22.581, 50.163, 0
842840, 47.415, 28.972, 0, 22.575, 50.180, 0
844525, 47.431, 28.913, 0, 22.581, 50.220, 0
846211, 47.457, 28.897, 0, 22.581, 50.182, 0
847897, 47.444, 28.884, 0, 22.575, 50.170, 0
849582, 47.473, 28.873, 0, 22.599, 50.218, 0
851268, 47.495, 28.819, 0, 22.578, 50.220, 0
852953, 47.527, 28.821, 0, 22.613, 50.153, 0
854639, 47.511, 28.817, 0, 22.573, 50.193, 0
856325, 47.554, 28.771, 0, 22.583, 50.252, 0
858010, 47.594, 28.794, 0, 22.621, 50.207, 0
859696, 47.583, 28.743, 0, 22.613, 50.195, 0
861382, 47.602, 28.668, 0, 22.626, 50.231, 0
863067, 47.636, 28.691, 0, 22.613, 50.214, 0
864753, 47.642, 28.649, 0, 22.615, 50.210, 0
866439, 47.663, 28.651, 0, 22.607, 50.184, 0
868124, 47.655, 28.586, 0, 22.639, 50.209, 0
869810, 47.700, 28.617, 0, 22.629, 50.195, 0
871496, 47.724, 28.564, 0, 22.639, 50.151, 0
873181, 47.722, 28.525, 0, 22.631, 50.172, 0
874867, 47.762, 28.529, 0, 22.613, 50.165, 0
876552, 47.751, 28.478, 0, 22.613, 50.130, 0
878238, 47.762, 28.453, 0, 22.613, 50.149, 0
879924, 47.783, 28.436, 0, 22.634, 50.107, 0
881609, 47.813, 28.463, 0, 22.645, 50.113, 0
883295, 47.826, 28.426, 0, 22.647, 50.134, 0
884981, 47.837, 28.392, 0, 22.637, 50.106, 0
886666, 47.858, 28.342, 0, 22.639, 50.111, 0
888352, 47.890, 28.371, 0, 22.642, 50.075, 0
890038, 47.906, 28.358, 0, 22.621, 50.125, 0
891723, 47.919, 28.304, 0, 22.615, 50.155, 0
893409, 47.925, 28.339, 0, 22.613, 50.144, 0
895094, 47.927, 28.262, 0, 22.621, 50.144, 0
896780, 47.935, 28.262, 0, 22.613, 50.126, 0
898466, 47.989, 28.215, 0, 22.605, 50.172, 0
900151, 47.989, 28.222, 0, 22.597, 50.149, 0
901837, 47.997, 28.211, 0, 22.613, 50.136, 0
903523, 48.037, 28.180, 0, 22.613, 50.126, 0
905208, 48.040, 28.157, 0, 22.623, 50.195, 0
906894, 48.042, 28.108, 0, 22.642, 50.165, 0
908580, 48.066, 28.091, 0, 22.623, 50.178, 0
910265, 48.082, 28.131, 0, 22.645, 50.165, 0
911951, 48.120, 28.047, 0, 22.613, 50.174, 0
913637, 48.130, 28.022, 0, 22.629, 50.151, 0
915322, 48.133, 27.991, 0, 22.618, 50.159, 0
917008, 48.162, 28.018, 0, 22.621, 50.168, 0
918693, 48.146, 27.963, 0, 22.626, 50.197, 0
920379, 48.168, 27.948, 0, 22.613, 50.167, 0
922065, 48.221, 27.955, 0, 22.626, 50.167, 0
923750, 48.205, 27.898, 0, 22.631, 50.182, 0
925436, 48.224, 27.883, 0, 22.615, 50.151, 0
927122, 48.235, 27.875, 0, 22.639, 50.188, 0
928807, 48.248, 27.854, 0, 22.642, 50.140, 0
930493, 48.277, 27.814, 0, 22.650, 50.157, 0
932179, 48.288, 27.774, 0, 22.642, 50.138, 0
933864, 48.299, 27.797, 0, 22.645, 50.085, 0
935550, 48.323, 27.757, 0, 22.677, 50.104, 0
937235, 48.315, 27.761, 0, 22.677, 50.060, 0
938921, 48.339, 27.736, 0, 22.677, 50.027, 0
940607, 48.357, 27.707, 0, 22.706, 50.031, 0
942292, 48.387, 27.661, 0, 22.693, 49.997, 0
943978, 48.376, 27.654, 0, 22.698, 50.010, 0
945664, 48.403, 27.650, 0, 22.704, 49.964, 0
947349, 48.429, 27.677, 0, 22.687, 49.962, 0
949035, 48.459, 27.602, 0, 22.704, 49.951, 0
950721, 48.435, 27.635, 0, 22.669, 49.945, 0
952406, 48.440, 27.589, 0, 22.685, 49.987, 0
954092, 48.467, 27.524, 0, 22.682, 50.003, 0
955778, 48.483, 27.539, 0, 22.701, 50.025, 0
957463, 48.504, 27.509, 0, 22.663, 50.020, 0
959149, 48.512, 27.495, 0, 22.663, 50.046, 0
960834, 48.534, 27.509, 0, 22.650, 50.016, 0
962520, 48.547, 27.461, 0, 22.674, 50.039, 0
964206, 48.571, 27.455, 0, 22.677, 50.048, 0
965891, 48.582, 27.429, 0, 22.653, 50.044, 0
967577, 48.614, 27.391, 0, 22.661, 50.106, 0
969263, 48.611, 27.410, 0, 22.639, 50.104, 0
970948, 48.630, 27.324, 0, 22.639, 50.106, 0
972634, 48.632, 27.375, 0, 22.623, 50.109, 0
974320, 48.662, 27.345, 0, 22.653, 50.113, 0
976005, 48.659, 27.345, 0, 22.639, 50.107, 0
977691, 48.664, 27.284, 0, 22.650, 50.083, 0
979377, 48.713, 27.293, 0, 22.655, 50.069, 0
981062, 48.718, 27.270, 0, 22.677, 50.088, 0
982748, 48.726, 27.227, 0, 22.666, 50.071, 0
984433, 48.713, 27.232, 0, 22.658, 50.046, 0
986119, 48.766, 27.192, 0, 22.674, 50.085, 0
987805, 48.755, 27.234, 0, 22.677, 50.079, 0
989490, 48.777, 27.192, 0, 22.696, 50.073, 0
991176, 48.798, 27.194, 0, 22.690, 50.075, 0
992862, 48.817, 27.164, 0, 22.696, 50.083, 0
994547, 48.827, 27.139, 0, 22.677, 50.050, 0
996233, 48.819, 27.135, 0, 22.706, 50.014, 0
997919, 48.849, 27.099, 0, 22.704, 49.989, 0
999604, 48.859, 27.055, 0, 22.717, 49.987, 0
1001290, 48.891, 27.049, 0, 22.709, 49.982, 0
1002975, 48.883, 27.040, 0, 22.677, 49.968, 0
1004661, 48.913, 27.017, 0, 22.698, 49.966, 0
1006347, 48.926, 27.003, 0, 22.687, 49.987, 0
1008032, 48.945, 26.946, 0, 22.717, 49.993, 0
1009718, 48.931, 26.992, 0, 22.698, 50.012, 0
1011404, 48.974, 26.961, 0, 22.704, 49.991, 0
1013089, 48.964, 26.933, 0, 22.687, 50.001, 0
1014775, 48.980, 26.862, 0, 22.709, 50.014, 0
1016461, 49.004, 26.902, 0, 22.714, 49.993, 0
1018146, 48.996, 26.897, 0, 22.706, 49.999, 0
1019832, 49.049, 26.820, 0, 22.712, 49.978, 0
1021518, 49.065, 26.864, 0, 22.704, 50.018, 0
1023203, 49.076, 26.847, 0, 22.706, 49.982, 0
1024889, 49.086, 26.853, 0, 22.690, 49.978, 0
1026574, 49.110, 26.792, 0, 22.706, 49.949, 0
1028260, 49.116, 26.773, 0, 22.704, 49.968, 0
1029946, 49.118, 26.763, 0, 22.706, 49.982, 0
1031631, 49.164, 26.727, 0, 22.687, 49.974, 0
1033317, 49.153, 26.706, 0, 22.717, 49.987, 0
1035003, 49.142, 26.675, 0, 22.698, 49.926, 0
1036688, 49.172, 26.702, 0, 22.704, 49.936, 0
1038374, 49.191, 26.687, 0, 22.714, 49.943, 0
1040060, 49.215, 26.670, 0, 22.714, 49.907, 0
1041745, 49.228, 26.654, 0, 22.706, 49.959, 0
1043431, 49.241, 26.572, 0, 22.698, 49.991, 0
1045117, 49.252, 26.601, 0, 22.687, 49.978, 0
1046802, 49.268, 26.553, 0, 22.709, 49.983, 0
1048488, 49.273, 26.574, 0, 22.714, 49.983, 0
1050173, 49.297, 26.544, 0, 22.714, 49.974, 0
1051859, 49.300, 26.530, 0, 22.722, 50.010, 0
1053545, 49.316, 26.496, 0, 22.706, 49.972, 0
1055230, 49.332, 26.492, 0, 22.693, 49.989, 0
1056916, 49.343, 26.465, 0, 22.712, 50.041, 0
1058602, 49.353, 26.479, 0, 22.706, 50.033, 0
1060287, 49.383, 26.483, 0, 22.717, 50.067, 0
1061973, 49.383, 26.437, 0, 22.725, 50.029, 0
1063659, 49.412, 26.422, 0, 22.712, 49.978, 0
1065344, 49.415, 26.439, 0, 22.730, 49.943, 0
1067030, 49.431, 26.397, 0, 22.744, 49.951, 0
1068716, 49.431, 26.422, 0, 22.709, 49.993, 0
1070401, 49.444, 26.319, 0, 22.720, 49.989, 0
1072087, 49.458, 26.338, 0, 22.725, 49.980, 0
1073772, 49.471, 26.332, 0, 22.730, 50.022, 0
1075458, 49.484, 26.279, 0, 22.717, 50.041, 0
1077144, 49.482, 26.305, 0, 22.730, 50.033, 0
1078829, 49.503, 26.292, 0, 22.730, 49.989, 0
1080515, 49.524, 26.286, 0, 22.752, 49.921, 0
1082201, 49.546, 26.238, 0, 22.730, 49.949, 0
1083886, 49.564, 26.237, 0, 22.757, 49.957, 0
1085572, 49.551, 26.256, 0, 22.770, 49.936, 0
1087258, 49.588, 26.208, 0, 22.744, 49.856, 0
1088943, 49.562, 26.244, 0, 22.762, 49.907, 0
1090629, 49.588, 26.216, 0, 22.760, 49.861, 0
1092315, 49.615, 26.174, 0, 22.733, 49.837, 0
1094000, 49.618, 26.174, 0, 22.765, 49.856, 0
1095686, 49.644, 26.174, 0, 22.736, 49.840, 0
1097371, 49.647, 26.181, 0, 22.733, 49.846, 0
1099057, 49.644, 26.099, 0, 22.757, 49.871, 0
1100743, 49.693, 26.092, 0, 22.754, 49.894, 0
1102428, 49.703, 26.065, 0, 22.741, 49.884, 0
1104114, 49.701, 26.073, 0, 22.762, 49.896, 0
1105800, 49.719, 26.113, 0, 22.741, 49.859, 0
1107485, 49.717, 26.074, 0, 22.730, 49.877, 0
1109171, 49.730, 26.036, 0, 22.744, 49.892, 0
1110857, 49.759, 26.040, 0, 22.757, 49.894, 0
1112542, 49.759, 25.964, 0, 22.687, 49.890, 0
1114228, 49.754, 25.998, 0, 22.714, 49.907, 0
1115913, 49.781, 25.952, 0, 22.762, 49.934, 0
1117599, 49.794, 25.962, 0, 22.752, 49.894, 0
1119285, 49.791, 25.924, 0, 22.754, 49.898, 0
1120970, 49.807, 25.907, 0, 22.733, 49.915, 0
1122656, 49.818, 25.918, 0, 22.730, 49.940, 0
1124342, 49.834, 25.920, 0, 22.744, 49.892, 0
1126027, 49.845, 25.840, 0, 22.754, 49.930, 0
1127713, 49.863, 25.842, 0, 22.744, 49.888, 0
1129399, 49.869, 25.823, 0, 22.757, 49.915, 0
1131084, 49.898, 25.844, 0, 22.738, 49.903, 0
1132770, 49.911, 25.813, 0, 22.752, 49.905, 0
1134456, 49.911, 25.811, 0, 22.770, 49.879, 0
1136141, 49.917, 25.794, 0, 22.746, 49.858, 0
1137827, 49.914, 25.783, 0, 22.762, 49.886, 0
1139512, 49.938, 25.807, 0, 22.768, 49.888, 0
1141198, 49.946, 25.714, 0, 22.768, 49.869, 0
1142884, 49.954, 25.748, 0, 22.760, 49.909, 0
1144569, 49.962, 25.701, 0, 22.768, 49.879, 0
1146255, 49.984, 25.682, 0, 22.752, 49.907, 0
1147941, 50.000, 25.687, 0, 22.762, 49.917, 0
1149626, 49.994, 25.676, 0, 22.741, 49.888, 0
1151312, 50.008, 25.718, 0, 22.784, 49.890, 0
1152998, 50.010, 25.662, 0, 22.760, 49.936, 0
1154683, 50.037, 25.636, 0, 22.765, 49.934, 0
1156369, 50.026, 25.609, 0, 22.778, 49.945, 0
1158055, 50.048, 25.594, 0, 22.765, 49.966, 0
1159740, 50.053, 25.567, 0, 22.760, 49.953, 0
1161426, 50.072, 25.605, 0, 22.754, 49.989, 0
1163111, 50.093, 25.588, 0, 22.773, 49.968, 0
1164797, 50.112, 25.554, 0, 22.760, 49.959, 0
1166483, 50.104, 25.584, 0, 22.773, 49.921, 0
1168168, 50.120, 25.533, 0, 22.786, 49.863, 0
1169854, 50.114, 25.525, 0, 22.778, 49.858, 0
1171540, 50.138, 25.510, 0, 22.762, 49.886, 0
1173225, 50.168, 25.489, 0, 22.768, 49.898, 0
1174911, 50.149, 25.510, 0, 22.757, 49.913, 0
1176597, 50.179, 25.474, 0, 22.760, 49.903, 0
1178282, 50.176, 25.474, 0, 22.757, 49.909, 0
1179968, 50.192, 25.456, 0, 22.757, 49.947, 0
1181654, 50.192, 25.470, 0, 22.752, 49.930, 0
1183339, 50.229, 25.466, 0, 22.741, 49.951, 0
1185025, 50.248, 25.424, 0, 22.725, 49.970, 0
1186710, 50.224, 25.428, 0, 22.728, 50.029, 0
1188396, 50.256, 25.405, 0, 22.706, 50.018, 0
1190082, 50.261, 25.380, 0, 22.709, 50.031, 0
1191767, 50.267, 25.413, 0, 22.696, 50.052, 0
1193453, 50.277, 25.374, 0, 22.679, 50.090, 0
1195139, 50.275, 25.344, 0, 22.658, 50.119, 0
1196824, 50.296, 25.325, 0, 22.687, 50.168, 0
1198510, 50.320, 25.329, 0, 22.690, 50.140, 0
1200196, 50.312, 25.346, 0, 22.682, 50.153, 0
1201881, 50.323, 25.283, 0, 22.690, 50.172, 0
1203567, 50.328, 25.296, 0, 22.682, 50.140, 0
1205253, 50.341, 25.231, 0, 22.682, 50.123, 0
1206938, 50.365, 25.250, 0, 22.709, 50.115, 0
1208624, 50.363, 25.275, 0, 22.687, 50.069, 0
1210309, 50.371, 25.233, 0, 22.701, 50.052, 0
1211995, 50.363, 25.245, 0, 22.687, 50.062, 0
1213681, 50.395, 25.201, 0, 22.725, 50.060, 0
1215366, 50.400, 25.222, 0, 22.704, 50.035, 0
1217052, 50.411, 25.216, 0, 22.720, 50.023, 0
1218738, 50.419, 25.186, 0, 22.709, 50.014, 0
1220423, 50.432, 25.178, 0, 22.733, 49.976, 0
1222109, 50.438, 25.205, 0, 22.717, 49.972, 0
1223795, 50.464, 25.140, 0, 22.736, 49.943, 0
1225480, 50.464, 25.149, 0, 22.749, 49.957, 0
1227166, 50.464, 25.188, 0, 22.733, 49.964, 0
1228852, 50.467, 25.125, 0, 22.733, 49.932, 0
1230537, 50.478, 25.096, 0, 22.762, 49.993, 0
1232223, 50.475, 25.146, 0, 22.744, 50.004, 0
1233908, 50.520, 25.062, 0, 22.746, 49.966, 0
1235594, 50.526, 25.062, 0, 22.760, 49.926, 0
1237280, 50.531, 25.044, 0, 22.768, 49.926, 0
1238965, 50.539, 25.029, 0, 22.768, 49.917, 0
1240651, 50.558, 25.073, 0, 22.768, 49.901, 0
1242337, 50.555, 25.031, 0, 22.768, 49.926, 0
1244022, 50.568, 25.056, 0, 22.781, 49.871, 0
1245708, 50.544, 25.037, 0, 22.778, 49.846, 0
1247394, 50.603, 25.020, 0, 22.762, 49.880, 0
1249079, 50.576, 24.991, 0, 22.768, 49.837, 0
1250765, 50.598, 24.959, 0, 22.768, 49.859, 0
1252451, 50.611, 24.947, 0, 22.789, 49.848, 0
1254136, 50.630, 24.951, 0, 22.808, 49.816, 0
1255822, 50.630, 24.951, 0, 22.781, 49.846, 0
1257507, 50.635, 24.905, 0, 22.762, 49.863, 0
1259193, 50.614, 24.917, 0, 22.808, 49.840, 0
1260879, 50.657, 24.854, 0, 22.802, 49.833, 0
1262564, 50.659, 24.877, 0, 22.781, 49.793, 0
1264250, 50.665, 24.871, 0, 22.784, 49.787, 0
1265936, 50.667, 24.863, 0, 22.781, 49.835, 0
1267621, 50.691, 24.879, 0, 22.794, 49.900, 0
1269307, 50.697, 24.840, 0, 22.797, 49.859, 0
1270993, 50.675, 24.854, 0, 22.778, 49.825, 0
1272678, 50.731, 24.831, 0, 22.768, 49.922, 0
1274364, 50.739, 24.781, 0, 22.805, 49.905, 0
1276050, 50.721, 24.776, 0, 22.794, 49.880, 0
1277735, 50.750, 24.764, 0, 22.797, 49.859, 0
1279421, 50.747, 24.795, 0, 22.773, 49.882, 0
1281106, 50.737, 24.814, 0, 22.784, 49.900, 0
1282792, 50.763, 24.753, 0, 22.778, 49.924, 0
1284478, 50.785, 24.791, 0, 22.778, 49.983, 0
1286163, 50.782, 24.753, 0, 22.768, 49.898, 0
1287849, 50.774, 24.690, 0, 22.792, 49.951, 0
1289535, 50.811, 24.692, 0, 22.781, 49.911, 0
1291220, 50.790, 24.720, 0, 22.768, 49.909, 0
1292906, 50.827, 24.737, 0, 22.802, 49.909, 0
1294592, 50.827, 24.722, 0, 22.797, 49.930, 0
1296277, 50.830, 24.692, 0, 22.808, 49.913, 0
1297963, 50.841, 24.657, 0, 22.773, 49.949, 0
1299649, 50.849, 24.619, 0, 22.813, 49.966, 0
1301334, 50.873, 24.629, 0, 22.800, 49.936, 0
1303020, 50.883, 24.629, 0, 22.824, 49.915, 0
1304705, 50.878, 24.604, 0, 22.805, 49.900, 0
1306391, 50.875, 24.653, 0, 22.810, 49.865, 0
1308077, 50.900, 24.627, 0, 22.810, 49.898, 0
1309762, 50.886, 24.587, 0, 22.805, 49.890, 0
1311448, 50.900, 24.579, 0, 22.813, 49.875, 0
1313134, 50.918, 24.537, 0, 22.826, 49.900, 0
1314819, 50.929, 24.587, 0, 22.816, 49.892, 0
1316505, 50.929, 24.575, 0, 22.832, 49.840, 0
1318191, 50.950, 24.539, 0, 22.821, 49.867, 0
1319876, 50.942, 24.570, 0, 22.821, 49.894, 0
1321562, 50.934, 24.512, 0, 22.834, 49.856, 0
1323248, 50.934, 24.520, 0, 22.818, 49.892, 0
1324933, 50.972, 24.514, 0, 22.821, 49.886, 0
1326619, 50.988, 24.533, 0, 22.802, 49.896, 0
1328304, 50.972, 24.501, 0, 22.824, 49.911, 0
1329990, 50.996, 24.463, 0, 22.818, 49.903, 0
1331676, 51.001, 24.499, 0, 22.826, 49.905, 0
1333361, 51.009, 24.463, 0, 22.802, 49.930, 0
1335047, 51.001, 24.438, 0, 22.800, 49.928, 0
1336733, 51.022, 24.461, 0, 22.786, 49.919, 0
1338418, 51.001, 24.442, 0, 22.794, 49.962, 0
1340104, 51.046, 24.407, 0, 22.800, 49.924, 0
1341790, 51.022, 24.413, 0, 22.778, 49.924, 0
1343475, 51.078, 24.404, 0, 22.778, 49.905, 0
1345161, 51.054, 24.407, 0, 22.760, 49.926, 0
1346847, 51.057, 24.409, 0, 22.778, 49.930, 0
1348532, 51.062, 24.385, 0, 22.757, 49.947, 0
1350218, 51.062, 24.352, 0, 22.752, 49.997, 0
1351903, 51.094, 24.379, 0, 22.746, 50.010, 0
1353589, 51.124, 24.331, 0, 22.768, 49.982, 0
1355275, 51.110, 24.386, 0, 22.770, 49.962, 0
1356960, 51.105, 24.329, 0, 22.781, 50.001, 0
1358646, 51.110, 24.293, 0, 22.794, 50.006, 0
1360332, 51.132, 24.344, 0, 22.781, 49.993, 0
1362017, 51.132, 24.306, 0, 22.808, 49.962, 0
1363703, 51.145, 24.325, 0, 22.818, 49.970, 0
1365389, 51.172, 24.327, 0, 22.794, 49.930, 0
1367074, 51.159, 24.257, 0, 22.813, 50.004, 0
1368760, 51.145, 24.303, 0, 22.805, 49.982, 0
1370445, 51.172, 24.283, 0, 22.786, 49.970, 0
1372131, 51.183, 24.341, 0, 22.778, 49.964, 0
1373817, 51.196, 24.224, 0, 22.810, 49.978, 0
1375502, 51.193, 24.236, 0, 22.794, 49.966, 0
1377188, 51.207, 24.238, 0, 22.800, 49.980, 0
1378874, 51.204, 24.238, 0, 22.792, 49.993, 0
1380559, 51.201, 24.211, 0, 22.805, 49.922, 0
1382245, 51.217, 24.182, 0, 22.794, 49.962, 0
1383931, 51.249, 24.146, 0, 22.821, 49.964, 0
1385616, 51.255, 24.215, 0, 22.810, 49.922, 0
1387302, 51.231, 24.180, 0, 22.800, 49.972, 0
1388988, 51.249, 24.163, 0, 22.813, 49.924, 0
1390673, 51.249, 24.163, 0, 22.824, 49.896, 0
1392359, 51.249, 24.133, 0, 22.816, 49.921, 0
1394044, 51.276, 24.135, 0, 22.845, 49.936, 0
1395730, 51.281, 24.085, 0, 22.834, 49.884, 0
1397416, 51.305, 24.127, 0, 22.845, 49.886, 0
1399101, 51.305, 24.074, 0, 22.821, 49.917, 0
1400787, 51.313, 24.087, 0, 22.829, 49.884, 0
1402473, 51.332, 24.068, 0, 22.842, 49.880, 0
1404158, 51.327, 24.070, 0, 22.834, 49.859, 0
1405844, 51.316, 24.106, 0, 22.832, 49.863, 0
1407530, 51.345, 24.039, 0, 22.832, 49.894, 0
1409215, 51.332, 24.051, 0, 22.832, 49.938, 0
1410901, 51.351, 24.032, 0, 22.832, 49.865, 0
1412587, 51.375, 24.028, 0, 22.834, 49.903, 0
1414272, 51.351, 24.026, 0, 22.821, 49.894, 0
1415958, 51.388, 24.014, 0, 22.821, 49.924, 0
1417643, 51.394, 23.994, 0, 22.821, 49.926, 0
1419329, 51.383, 24.018, 0, 22.832, 49.932, 0
1421015, 51.396, 23.973, 0, 22.842, 49.924, 0
1422700, 51.420, 23.963, 0, 22.861, 49.894, 0
1424386, 51.404, 23.980, 0, 22.829, 49.900, 0
1426072, 51.431, 23.944, 0, 22.832, 49.846, 0
1427757, 51.431, 23.919, 0, 22.829, 49.854, 0
1429443, 51.415, 23.963, 0, 22.813, 49.903, 0
1431129, 51.444, 23.921, 0, 22.824, 49.934, 0
1432814, 51.444, 23.944, 0, 22.805, 49.934, 0
1434500, 51.452, 23.946, 0, 22.786, 49.966, 0
1436185, 51.460, 23.915, 0, 22.778, 49.987, 0
1437871, 51.492, 23.942, 0, 22.781, 50.041, 0
1439557, 51.492, 23.898, 0, 22.800, 50.012, 0
1441242, 51.468, 23.921, 0, 22.805, 50.003, 0
1442928, 51.498, 23.887, 0, 22.778, 49.991, 0
1444614, 51.495, 23.843, 0, 22.794, 49.945, 0
1446299, 51.503, 23.829, 0, 22.802, 49.972, 0
1447985, 51.516, 23.849, 0, 22.800, 49.993, 0
1449671, 51.516, 23.862, 0, 22.789, 49.940, 0
1451356, 51.522, 23.824, 0, 22.789, 49.987, 0
1453042, 51.543, 23.789, 0, 22.794, 49.941, 0
1454728, 51.546, 23.799, 0, 22.805, 49.938, 0
1456413, 51.554, 23.826, 0, 22.818, 49.932, 0
1458099, 51.570, 23.784, 0, 22.802, 49.941, 0
1459784, 51.580, 23.774, 0, 22.821, 49.961, 0
1461470, 51.570, 23.770, 0, 22.792, 49.938, 0
1463156, 51.586, 23.715, 0, 22.797, 49.940, 0
1464841, 51.583, 23.761, 0, 22.824, 49.945, 0
1466527, 51.588, 23.759, 0, 22.826, 49.917, 0
1468213, 51.596, 23.761, 0, 22.824, 49.886, 0
1469898, 51.610, 23.772, 0, 22.816, 49.911, 0
1471584, 51.594, 23.746, 0, 22.818, 49.917, 0
1473270, 51.615, 23.673, 0, 22.821, 49.930, 0
1474955, 51.629, 23.679, 0, 22.826, 49.894, 0
1476641, 51.653, 23.683, 0, 22.826, 49.884, 0
1478327, 51.650, 23.700, 0, 22.794, 49.941, 0
1480012, 51.653, 23.721, 0, 22.834, 49.913, 0
1481698, 51.639, 23.669, 0, 22.805, 49.901, 0
1483384, 51.687, 23.652, 0, 22.842, 49.888, 0
1485069, 51.661, 23.627, 0, 22.821, 49.898, 0
1486755, 51.677, 23.652, 0, 22.842, 49.886, 0
1488440, 51.685, 23.690, 0, 22.842, 49.898, 0
1490126, 51.677, 23.616, 0, 22.845, 49.871, 0
1491812, 51.677, 23.639, 0, 22.834, 49.909, 0
1493497, 51.693, 23.623, 0, 22.848, 49.911, 0
1495183, 51.735, 23.599, 0, 22.872, 49.856, 0
1496869, 51.698, 23.597, 0, 22.866, 49.833, 0
1498554, 51.722, 23.597, 0, 22.888, 49.854, 0
1500240, 51.738, 23.593, 0, 22.842, 49.827, 0
1501926, 51.719, 23.541, 0, 22.861, 49.823, 0
1503611, 51.749, 23.559, 0, 22.842, 49.825, 0
1505297, 51.754, 23.620, 0, 22.834, 49.840, 0
1506983, 51.765, 23.534, 0, 22.832, 49.840, 0
1508668, 51.751, 23.543, 0, 22.864, 49.882, 0
1510354, 51.770, 23.515, 0, 22.821, 49.844, 0
1512039, 51.778, 23.526, 0, 22.832, 49.865, 0
1513725, 51.786, 23.545, 0, 22.834, 49.823, 0
1515411, 51.783, 23.501, 0, 22.853, 49.865, 0
1517096, 51.799, 23.515, 0, 22.832, 49.886, 0
1518782, 51.805, 23.459, 0, 22.842, 49.880, 0
1520468, 51.810, 23.477, 0, 22.853, 49.880, 0
1522153, 51.829, 23.456, 0, 22.842, 49.846, 0
1523839, 51.805, 23.440, 0, 22.834, 49.831, 0
1525525, 51.831, 23.492, 0, 22.872, 49.806, 0
1527210, 51.821, 23.437, 0, 22.864, 49.743, 0
1528896, 51.858, 23.480, 0, 22.872, 49.783, 0
1530581, 51.842, 23.444, 0, 22.888, 49.804, 0
1532267, 51.850, 23.437, 0, 22.850, 49.871, 0
1533953, 51.866, 23.421, 0, 22.853, 49.871, 0
1535638, 51.869, 23.402, 0, 22.861, 49.823, 0
1537324, 51.893, 23.377, 0, 22.858, 49.785, 0
1539010, 51.877, 23.406, 0, 22.834, 49.806, 0
1540695, 51.882, 23.419, 0, 22.826, 49.797, 0
1542381, 51.880, 23.372, 0, 22.826, 49.821, 0
1544067, 51.882, 23.381, 0, 22.832, 49.846, 0
1545752, 51.906, 23.377, 0, 22.837, 49.856, 0
1547438, 51.920, 23.377, 0, 22.824, 49.831, 0
1549124, 51.922, 23.330, 0, 22.848, 49.911, 0
1550809, 51.938, 23.341, 0, 22.842, 49.886, 0
1552495, 51.922, 23.379, 0, 22.842, 49.856, 0
1554180, 51.938, 23.362, 0, 22.858, 49.890, 0
1555866, 51.957, 23.311, 0, 22.837, 49.919, 0
1557552, 51.933, 23.305, 0, 22.834, 49.894, 0
1559237, 51.949, 23.305, 0, 22.850, 49.861, 0
1560923, 51.981, 23.290, 0, 22.832, 49.873, 0
1562609, 51.965, 23.301, 0, 22.861, 49.848, 0
1564294, 51.976, 23.303, 0, 22.856, 49.837, 0
1565980, 51.984, 23.326, 0, 22.861, 49.854, 0
1567666, 51.989, 23.269, 0, 22.869, 49.829, 0
1569351, 51.997, 23.259, 0, 22.845, 49.838, 0
1571037, 52.026, 23.232, 0, 22.842, 49.861, 0
1572722, 52.016, 23.253, 0, 22.861, 49.840, 0
1574408, 52.016, 23.217, 0, 22.858, 49.844, 0
1576094, 52.013, 23.267, 0, 22.842, 49.865, 0
1577779, 52.032, 23.250, 0, 22.858, 49.936, 0
1579465, 52.034, 23.234, 0, 22.853, 49.938, 0
1581151, 52.032, 23.191, 0, 22.845, 49.886, 0
1582836, 52.029, 23.185, 0, 22.858, 49.926, 0
1584522, 52.050, 23.194, 0, 22.858, 49.867, 0
1586208, 52.061, 23.149, 0, 22.842, 49.882, 0
1587893, 52.061, 23.204, 0, 22.848, 49.877, 0
1589579, 52.069, 23.206, 0, 22.858, 49.869, 0
1591265, 52.061, 23.192, 0, 22.856, 49.844, 0
1592950, 52.088, 23.175, 0, 22.850, 49.844, 0
1594636, 52.077, 23.164, 0, 22.864, 49.900, 0
1596321, 52.098, 23.141, 0, 22.866, 49.905, 0
1598007, 52.125, 23.168, 0, 22.861, 49.898, 0
1599693, 52.101, 23.084, 0, 22.882, 49.903, 0
1601378, 52.101, 23.145, 0, 22.874, 49.842, 0
1603064, 52.115, 23.152, 0, 22.866, 49.833, 0
1604750, 52.101, 23.114, 0, 22.864, 49.842, 0
1606435, 52.128, 23.068, 0, 22.866, 49.827, 0
1608121, 52.144, 23.061, 0, 22.864, 49.833, 0
1609807, 52.157, 23.088, 0, 22.869, 49.802, 0
1611492, 52.144, 23.099, 0, 22.858, 49.831, 0
1613178, 52.163, 23.036, 0, 22.869, 49.806, 0
1614864, 52.160, 23.028, 0, 22.872, 49.789, 0
1616549, 52.179, 23.030, 0, 22.848, 49.840, 0
1618235, 52.168, 23.032, 0, 22.853, 49.890, 0
1619920, 52.195, 23.065, 0, 22.842, 49.936, 0
1621606, 52.195, 23.044, 0, 22.858, 49.930, 0
1623292, 52.203, 23.057, 0, 22.837, 49.985, 0
1624977, 52.179, 23.000, 0, 22.834, 49.953, 0
1626663, 52.211, 22.973, 0, 22.834, 49.987, 0
1628349, 52.205, 22.977, 0, 22.853, 49.962, 0
1630034, 52.216, 22.990, 0, 22.856, 49.962, 0
1631720, 52.216, 22.969, 0, 22.850, 49.928, 0
1633406, 52.224, 22.988, 0, 22.861, 49.913, 0
1635091, 52.256, 22.975, 0, 22.837, 49.936, 0
1636777, 52.237, 23.002, 0, 22.845, 49.882, 0
1638463, 52.261, 22.929, 0, 22.832, 49.896, 0
1640148, 52.272, 22.948, 0, 22.861, 49.877, 0
1641834, 52.272, 22.920, 0, 22.869, 49.863, 0
1643519, 52.280, 22.906, 0, 22.858, 49.823, 0
1645205, 52.277, 22.935, 0, 22.858, 49.863, 0
1646891, 52.285, 22.992, 0, 22.842, 49.808, 0
1648576, 52.283, 22.912, 0, 22.861, 49.819, 0
1650262, 52.280, 22.843, 0, 22.864, 49.838, 0
1651948, 52.280, 22.956, 0, 22.858, 49.854, 0
1653633, 52.301, 22.883, 0, 22.858, 49.833, 0
1655319, 52.291, 22.857, 0, 22.869, 49.865, 0
1657005, 52.299, 22.836, 0, 22.853, 49.867, 0
1658690, 52.312, 22.897, 0, 22.861, 49.898, 0
1660376, 52.317, 22.882, 0, 22.845, 49.898, 0
1662062, 52.333, 22.872, 0, 22.858, 49.880, 0
1663747, 52.344, 22.872, 0, 22.866, 49.892, 0
1665433, 52.333, 22.841, 0, 22.845, 49.907, 0
1667118, 52.347, 22.855, 0, 22.845, 49.921, 0
1668804, 52.347, 22.855, 0, 22.853, 49.921, 0
1670490, 52.371, 22.805, 0, 22.834, 49.926, 0
1672175, 52.363, 22.836, 0, 22.853, 49.884, 0
1673861, 52.379, 22.826, 0, 22.856, 49.858, 0
1675547, 52.390, 22.799, 0, 22.853, 49.827, 0
1677232, 52.408, 22.799, 0, 22.869, 49.859, 0
1678918, 52.400, 22.849, 0, 22.864, 49.842, 0
1680604, 52.414, 22.771, 0, 22.869, 49.852, 0
1682289, 52.411, 22.719, 0, 22.861, 49.819, 0
1683975, 52.408, 22.771, 0, 22.869, 49.861, 0
1685661, 52.414, 22.780, 0, 22.869, 49.863, 0
1687346, 52.424, 22.725, 0, 22.885, 49.823, 0
1689032, 52.414, 22.738, 0, 22.885, 49.852, 0
1690717, 52.443, 22.765, 0, 22.874, 49.856, 0
1692403, 52.435, 22.744, 0, 22.877, 49.808, 0
1694089, 52.456, 22.779, 0, 22.893, 49.837, 0
1695774, 52.424, 22.752, 0, 22.885, 49.858, 0
1697460, 52.446, 22.708, 0, 22.872, 49.837, 0
1699146, 52.462, 22.723, 0, 22.888, 49.840, 0
1700831, 52.459, 22.696, 0, 22.920, 49.837, 0
1702517, 52.459, 22.727, 0, 22.896, 49.783, 0
1704203, 52.472, 22.698, 0, 22.898, 49.768, 0
1705888, 52.480, 22.691, 0, 22.896, 49.760, 0
1707574, 52.502, 22.668, 0, 22.930, 49.718, 0
1709259, 52.534, 22.679, 0, 22.874, 49.684, 0
1710945, 52.494, 22.651, 0, 22.890, 49.730, 0
1712631, 52.512, 22.679, 0, 22.880, 49.800, 0
1714316, 52.526, 22.632, 0, 22.896, 49.756, 0
1716002, 52.523, 22.618, 0, 22.898, 49.802, 0
1717688, 52.531, 22.653, 0, 22.906, 49.789, 0
1719373, 52.526, 22.632, 0, 22.869, 49.787, 0
1721059, 52.526, 22.580, 0, 22.890, 49.818, 0
1722745, 52.531, 22.565, 0, 22.896, 49.821, 0
1724430, 52.528, 22.595, 0, 22.890, 49.823, 0
1726116, 52.536, 22.576, 0, 22.898, 49.873, 0
1727802, 52.547, 22.584, 0, 22.898, 49.896, 0
1729487, 52.558, 22.552, 0, 22.906, 49.873, 0
1731173, 52.590, 22.595, 0, 22.898, 49.856, 0
1732858, 52.590, 22.584, 0, 22.888, 49.825, 0
1734544, 52.587, 22.599, 0, 22.888, 49.852, 0
1736230, 52.593, 22.548, 0, 22.869, 49.886, 0
1737915, 52.611, 22.523, 0, 22.872, 49.892, 0
1739601, 52.609, 22.578, 0, 22.901, 49.941, 0
1741287, 52.619, 22.542, 0, 22.882, 49.888, 0
1742972, 52.630, 22.506, 0, 22.869, 49.838, 0
1744658, 52.633, 22.487, 0, 22.885, 49.903, 0
1746344, 52.609, 22.498, 0, 22.901, 49.816, 0
1748029, 52.627, 22.481, 0, 22.885, 49.821, 0
1749715, 52.635, 22.494, 0, 22.898, 49.808, 0
1751401, 52.617, 22.498, 0, 22.928, 49.825, 0
1753086, 52.643, 22.481, 0, 22.890, 49.842, 0
1754772, 52.649, 22.508, 0, 22.885, 49.873, 0
1756457, 52.659, 22.483, 0, 22.885, 49.835, 0
1758143, 52.667, 22.445, 0, 22.885, 49.804, 0
1759829, 52.665, 22.456, 0, 22.920, 49.795, 0
1761514, 52.691, 22.460, 0, 22.947, 49.726, 0
1763200, 52.670, 22.470, 0, 22.933, 49.701, 0
1764886, 52.702, 22.424, 0, 22.930, 49.722, 0
1766571, 52.665, 22.433, 0, 22.936, 49.751, 0
1768257, 52.689, 22.416, 0, 22.936, 49.726, 0
1769943, 52.710, 22.416, 0, 22.906, 49.732, 0
1771628, 52.707, 22.454, 0, 22.904, 49.734, 0
1773314, 52.710, 22.424, 0, 22.928, 49.737, 0
1774999, 52.747, 22.391, 0, 22.909, 49.762, 0
1776685, 52.710, 22.410, 0, 22.912, 49.749, 0
1778371, 52.729, 22.424, 0, 22.906, 49.730, 0
1780056, 52.742, 22.347, 0, 22.896, 49.756, 0
1781742, 52.734, 22.361, 0, 22.912, 49.741, 0
1783428, 52.710, 22.386, 0, 22.898, 49.697, 0
1785113, 52.745, 22.361, 0, 22.906, 49.644, 0
1786799, 52.761, 22.332, 0, 22.912, 49.676, 0
1788485, 52.761, 22.336, 0, 22.912, 49.726, 0
1790170, 52.745, 22.336, 0, 22.928, 49.711, 0
1791856, 52.769, 22.349, 0, 22.922, 49.741, 0
1793542, 52.771, 22.321, 0, 22.925, 49.747, 0
1795227, 52.793, 22.315, 0, 22.909, 49.789, 0
1796913, 52.787, 22.328, 0, 22.901, 49.760, 0
1798598, 52.787, 22.309, 0, 22.936, 49.816, 0
1800284, 52.771, 22.357, 0, 22.898, 49.808, 0
1801970, 52.827, 22.342, 0, 22.920, 49.835, 0
1803655, 52.811, 22.273, 0, 22.885, 49.844, 0
1805341, 52.809, 22.307, 0, 22.898, 49.896, 0
1807027, 52.811, 22.283, 0, 22.917, 49.871, 0
1808712, 52.833, 22.279, 0, 22.898, 49.873, 0
1810398, 52.817, 22.260, 0, 22.912, 49.905, 0
1812084, 52.825, 22.260, 0, 22.885, 49.894, 0
1813769, 52.854, 22.254, 0, 22.885, 49.901, 0
1815455, 52.841, 22.235, 0, 22.885, 49.924, 0
1817141, 52.844, 22.262, 0, 22.866, 49.922, 0
1818826, 52.836, 22.210, 0, 22.885, 49.941, 0
1820512, 52.830, 22.212, 0, 22.890, 49.903, 0
1822197, 52.862, 22.201, 0, 22.869, 49.865, 0
1823883, 52.868, 22.220, 0, 22.874, 49.865, 0
1825569, 52.870, 22.182, 0, 22.874, 49.884, 0
1827254, 52.873, 22.243, 0, 22.877, 49.962, 0
1828940, 52.889, 22.187, 0, 22.866, 49.959, 0
1830626, 52.905, 22.187, 0, 22.869, 49.980, 0
1832311, 52.900, 22.172, 0, 22.861, 49.982, 0
1833997, 52.900, 22.170, 0, 22.866, 49.955, 0
1835683, 52.902, 22.214, 0, 22.861, 49.983, 0
1837368, 52.918, 22.117, 0, 22.880, 49.928, 0
1839054, 52.921, 22.140, 0, 22.882, 49.879, 0
1840739, 52.913, 22.120, 0, 22.885, 49.821, 0
1842425, 52.918, 22.134, 0, 22.877, 49.819, 0
1844111, 52.950, 22.147, 0, 22.896, 49.827, 0
1845796, 52.948, 22.134, 0, 22.896, 49.806, 0
1847482, 52.950, 22.172, 0, 22.896, 49.818, 0
1849168, 52.948, 22.119, 0, 22.901, 49.787, 0
1850853, 52.972, 22.056, 0, 22.893, 49.833, 0
1852539, 52.964, 22.124, 0, 22.896, 49.831, 0
1854225, 52.974, 22.111, 0, 22.922, 49.814, 0
1855910, 52.990, 22.113, 0, 22.912, 49.858, 0
1857596, 52.964, 22.079, 0, 22.880, 49.859, 0
1859282, 52.982, 22.079, 0, 22.885, 49.831, 0
1860967, 52.990, 22.069, 0, 22.898, 49.831, 0
1862653, 52.990, 22.105, 0, 22.888, 49.823, 0
1864338, 52.990, 22.075, 0, 22.890, 49.852, 0
1866024, 53.001, 22.099, 0, 22.904, 49.846, 0
1867710, 53.012, 22.065, 0, 22.888, 49.852, 0
1869395, 53.004, 22.014, 0, 22.898, 49.854, 0
1871081, 53.046, 22.033, 0, 22.896, 49.896, 0
1872767, 53.022, 22.021, 0, 22.904, 49.962, 0
1874452, 53.009, 22.019, 0, 22.858, 49.980, 0
1876138, 53.020, 22.002, 0, 22.882, 49.987, 0
1877824, 53.057, 22.023, 0, 22.874, 49.974, 0
1879509, 53.065, 22.073, 0, 22.890, 49.907, 0
1881195, 53.068, 21.998, 0, 22.842, 49.921, 0
1882881, 53.081, 21.987, 0, 22.858, 49.922, 0
1884566, 53.062, 21.968, 0, 22.898, 49.940, 0
1886252, 53.081, 21.987, 0, 22.885, 49.888, 0
1887937, 53.054, 21.934, 0, 22.842, 49.959, 0
1889623, 53.103, 22.019, 0, 22.885, 49.974, 0
1891309, 53.081, 21.996, 0, 22.880, 49.995, 0
1892994, 53.100, 21.962, 0, 22.885, 50.031, 0
1894680, 53.092, 21.949, 0, 22.872, 50.012, 0
1896366, 53.092, 21.974, 0, 22.877, 50.025, 0
1898051, 53.103, 21.976, 0, 22.885, 50.046, 0
1899737, 53.119, 21.995, 0, 22.882, 50.046, 0
1901423, 53.108, 21.968, 0, 22.898, 50.003, 0
1903108, 53.132, 21.945, 0, 22.882, 49.953, 0
1904794, 53.148, 21.932, 0, 22.885, 49.941, 0
1906480, 53.145, 21.869, 0, 22.882, 49.901, 0
1908165, 53.153, 21.939, 0, 22.858, 49.941, 0
1909851, 53.153, 21.903, 0, 22.872, 49.955, 0
1911536, 53.169, 21.945, 0, 22.885, 49.985, 0
1913222, 53.177, 21.892, 0, 22.885, 49.974, 0
1914908, 53.137, 21.869, 0, 22.896, 49.985, 0
1916593, 53.161, 21.922, 0, 22.869, 49.968, 0
1918279, 53.169, 21.928, 0, 22.888, 49.978, 0
1919965, 53.172, 21.892, 0, 22.912, 49.964, 0
1921650, 53.188, 21.873, 0, 22.928, 49.922, 0
1923336, 53.183, 21.928, 0, 22.917, 49.917, 0
1925022, 53.167, 21.871, 0, 22.912, 49.871, 0
1926707, 53.201, 21.867, 0, 22.955, 49.884, 0
1928393, 53.209, 21.867, 0, 22.941, 49.859, 0
1930079, 53.220, 21.825, 0, 22.952, 49.802, 0
1931764, 53.220, 21.869, 0, 22.933, 49.791, 0
1933450, 53.241, 21.817, 0, 22.947, 49.812, 0
1935135, 53.215, 21.838, 0, 22.925, 49.850, 0
1936821, 53.249, 21.844, 0, 22.914, 49.825, 0
1938507, 53.239, 21.838, 0, 22.912, 49.844, 0
1940192, 53.252, 21.821, 0, 22.904, 49.865, 0
1941878, 53.244, 21.817, 0, 22.896, 49.863, 0
1943564, 53.249, 21.796, 0, 22.925, 49.903, 0
1945249, 53.239, 21.787, 0, 22.901, 49.875, 0
1946935, 53.263, 21.771, 0, 22.912, 49.880, 0
1948621, 53.276, 21.750, 0, 22.912, 49.795, 0
1950306, 53.263, 21.766, 0, 22.922, 49.804, 0
1951992, 53.281, 21.808, 0, 22.914, 49.861, 0
1953678, 53.284, 21.747, 0, 22.922, 49.886, 0
1955363, 53.284, 21.754, 0, 22.933, 49.873, 0
1957049, 53.284, 21.750, 0, 22.885, 49.892, 0
1958734, 53.311, 21.728, 0, 22.944, 49.842, 0
1960420, 53.313, 21.743, 0, 22.917, 49.837, 0
1962106, 53.311, 21.747, 0, 22.920, 49.804, 0
1963791, 53.327, 21.752, 0, 22.904, 49.840, 0
1965477, 53.316, 21.743, 0, 22.896, 49.850, 0
1967163, 53.300, 21.733, 0, 22.898, 49.894, 0
1968848, 53.343, 21.663, 0, 22.898, 49.924, 0
1970534, 53.356, 21.687, 0, 22.898, 49.940, 0
1972220, 53.346, 21.667, 0, 22.885, 49.911, 0
1973905, 53.343, 21.731, 0, 22.888, 49.951, 0
1975591, 53.340, 21.697, 0, 22.869, 49.978, 0
1977276, 53.356, 21.686, 0, 22.888, 50.020, 0
1978962, 53.351, 21.670, 0, 22.869, 50.048, 0
1980648, 53.375, 21.655, 0, 22.869, 50.048, 0
1982333, 53.362, 21.676, 0, 22.864, 50.020, 0
1984019, 53.375, 21.707, 0, 22.874, 49.964, 0
1985705, 53.372, 21.686, 0, 22.893, 49.970, 0
1987390, 53.386, 21.634, 0, 22.912, 49.964, 0
1989076, 53.391, 21.638, 0, 22.885, 49.951, 0
1990762, 53.375, 21.682, 0, 22.869, 49.995, 0
1992447, 53.391, 21.583, 0, 22.880, 49.961, 0
1994133, 53.404, 21.613, 0, 22.896, 50.012, 0
1995819, 53.418, 21.657, 0, 22.872, 49.982, 0
1997504, 53.407, 21.602, 0, 22.893, 50.006, 0
1999190, 53.412, 21.626, 0, 22.869, 49.959, 0
2000875, 53.439, 21.609, 0, 22.898, 49.999, 0
2002561, 53.439, 21.609, 0, 22.888, 50.016, 0
2004247, 53.426, 21.584, 0, 22.882, 50.012, 0
2005932, 53.420, 21.653, 0, 22.912, 49.980, 0
2007618, 53.444, 21.604, 0, 22.893, 49.983, 0
2009304, 53.458, 21.516, 0, 22.880, 49.968, 0
2010989, 53.452, 21.577, 0, 22.888, 50.014, 0
2012675, 53.447, 21.611, 0, 22.896, 49.955, 0
2014361, 53.466, 21.560, 0, 22.896, 49.924, 0
2016046, 53.468, 21.550, 0, 22.885, 49.964, 0
2017732, 53.455, 21.562, 0, 22.880, 49.943, 0
2019417, 53.484, 21.520, 0, 22.893, 49.966, 0
2021103, 53.466, 21.537, 0, 22.896, 49.943, 0
2022789, 53.492, 21.544, 0, 22.874, 49.968, 0
2024474, 53.482, 21.543, 0, 22.896, 49.924, 0
2026160, 53.514, 21.470, 0, 22.896, 49.953, 0
2027846, 53.522, 21.476, 0, 22.896, 49.955, 0
2029531, 53.530, 21.502, 0, 22.893, 49.924, 0
2031217, 53.508, 21.508, 0, 22.898, 49.945, 0
2032903, 53.508, 21.476, 0, 22.906, 49.888, 0
2034588, 53.530, 21.476, 0, 22.914, 49.829, 0
2036274, 53.535, 21.497, 0, 22.936, 49.869, 0
2037960, 53.548, 21.434, 0, 22.936, 49.858, 0
2039645, 53.532, 21.472, 0, 22.944, 49.806, 0
2041331, 53.546, 21.464, 0, 22.952, 49.785, 0
2043016, 53.565, 21.497, 0, 22.944, 49.743, 0
2044702, 53.559, 21.523, 0, 22.947, 49.762, 0
2046388, 53.575, 21.426, 0, 22.949, 49.762, 0
2048073, 53.556, 21.428, 0, 22.960, 49.758, 0
2049759, 53.575, 21.466, 0, 22.944, 49.735, 0
2051445, 53.573, 21.447, 0, 22.960, 49.732, 0
2053130, 53.591, 21.398, 0, 22.941, 49.751, 0
2054816, 53.578, 21.443, 0, 22.939, 49.730, 0
2056502, 53.594, 21.413, 0, 22.949, 49.772, 0
2058187, 53.610, 21.411, 0, 22.944, 49.770, 0
2059873, 53.594, 21.422, 0, 22.949, 49.777, 0
2061559, 53.623, 21.468, 0, 22.933, 49.816, 0
2063244, 53.615, 21.394, 0, 22.947, 49.833, 0
2064930, 53.610, 21.331, 0, 22.947, 49.789, 0
2066615, 53.610, 21.388, 0, 22.949, 49.795, 0
2068301, 53.610, 21.388, 0, 22.936, 49.783, 0
2069987, 53.610, 21.358, 0, 22.957, 49.821, 0
2071672, 53.629, 21.350, 0, 22.941, 49.804, 0
2073358, 53.634, 21.371, 0, 22.933, 49.789, 0
2075044, 53.626, 21.312, 0, 22.952, 49.777, 0
2076729, 53.639, 21.346, 0, 22.944, 49.783, 0
2078415, 53.650, 21.304, 0, 22.947, 49.758, 0
2080101, 53.650, 21.337, 0, 22.965, 49.760, 0
2081786, 53.653, 21.319, 0, 22.965, 49.737, 0
2083472, 53.666, 21.338, 0, 22.981, 49.730, 0
2085158, 53.647, 21.333, 0, 22.949, 49.737, 0
2086843, 53.671, 21.300, 0, 22.963, 49.747, 0
2088529, 53.663, 21.270, 0, 22.944, 49.749, 0
2090214, 53.695, 21.255, 0, 22.960, 49.735, 0
2091900, 53.685, 21.266, 0, 22.971, 49.728, 0
2093586, 53.685, 21.287, 0, 22.960, 49.724, 0
2095271, 53.703, 21.226, 0, 22.960, 49.692, 0
2096957, 53.706, 21.346, 0, 22.968, 49.692, 0
2098643, 53.711, 21.249, 0, 22.968, 49.695, 0
2100328, 53.711, 21.256, 0, 22.955, 49.728, 0
2102014, 53.685, 21.239, 0, 22.963, 49.760, 0
2103700, 53.738, 21.228, 0, 22.947, 49.743, 0
2105385, 53.719, 21.220, 0, 22.952, 49.776, 0
2107071, 53.725, 21.243, 0, 22.949, 49.749, 0
2108757, 53.727, 21.207, 0, 22.968, 49.798, 0
2110442, 53.741, 21.190, 0, 22.944, 49.787, 0
2112128, 53.735, 21.190, 0, 22.973, 49.810, 0
2113813, 53.751, 21.211, 0, 22.944, 49.818, 0
2115499, 53.733, 21.243, 0, 22.976, 49.816, 0
2117185, 53.773, 21.256, 0, 22.960, 49.785, 0
2118870, 53.759, 21.195, 0, 22.944, 49.776, 0
2120556, 53.767, 21.171, 0, 22.930, 49.835, 0
2122242, 53.786, 21.159, 0, 22.949, 49.859, 0
2123927, 53.765, 21.182, 0, 22.933, 49.867, 0
2125613, 53.791, 21.171, 0, 22.917, 49.852, 0
2127299, 53.802, 21.173, 0, 22.912, 49.875, 0
2128984, 53.789, 21.178, 0, 22.933, 49.877, 0
2130670, 53.775, 21.136, 0, 22.914, 49.858, 0
2132355, 53.791, 21.119, 0, 22.936, 49.867, 0
2134041, 53.802, 21.127, 0, 22.965, 49.854, 0
2135727, 53.797, 21.165, 0, 22.941, 49.833, 0
2137412, 53.808, 21.178, 0, 22.947, 49.846, 0
2139098, 53.799, 21.140, 0, 22.920, 49.837, 0
2140784, 53.816, 21.113, 0, 22.939, 49.823, 0
2142469, 53.818, 21.079, 0, 22.941, 49.810, 0
2144155, 53.826, 21.092, 0, 22.917, 49.798, 0
2145841, 53.837, 21.111, 0, 22.925, 49.827, 0
2147526, 53.853, 21.113, 0, 22.939, 49.882, 0
2149212, 53.840, 21.054, 0, 22.933, 49.894, 0
2150898, 53.858, 21.096, 0, 22.917, 49.867, 0
2152583, 53.829, 21.092, 0, 22.939, 49.869, 0
2154269, 53.874, 21.056, 0, 22.930, 49.844, 0
2155954, 53.861, 21.094, 0, 22.901, 49.869, 0
2157640, 53.872, 21.104, 0, 22.933, 49.930, 0
2159326, 53.861, 21.068, 0, 22.939, 49.867, 0
2161011, 53.856, 21.068, 0, 22.933, 49.842, 0
2162697, 53.880, 21.043, 0, 22.965, 49.840, 0
2164383, 53.861, 21.049, 0, 22.968, 49.833, 0
2166068, 53.866, 21.024, 0, 22.973, 49.840, 0
2167754, 53.888, 21.062, 0, 22.981, 49.793, 0
2169440, 53.882, 21.008, 0, 22.973, 49.718, 0
2171125, 53.888, 21.043, 0, 22.973, 49.713, 0
2172811, 53.901, 21.039, 0, 22.968, 49.688, 0
2174496, 53.890, 21.022, 0, 22.971, 49.669, 0
2176182, 53.920, 20.999, 0, 22.963, 49.629, 0
2177868, 53.890, 20.989, 0, 22.981, 49.669, 0
2179553, 53.906, 20.984, 0, 23.011, 49.707, 0
2181239, 53.938, 21.005, 0, 22.997, 49.680, 0
2182925, 53.904, 20.949, 0, 22.992, 49.674, 0
2184610, 53.917, 20.967, 0, 22.976, 49.699, 0
2186296, 53.925, 20.993, 0, 22.965, 49.688, 0
2187982, 53.938, 20.904, 0, 22.973, 49.657, 0
2189667, 53.914, 21.012, 0, 22.981, 49.722, 0
2191353, 53.930, 20.951, 0, 22.992, 49.674, 0
2193039, 53.946, 20.959, 0, 22.981, 49.699, 0
2194724, 53.957, 20.968, 0, 22.981, 49.690, 0
2196410, 53.960, 20.907, 0, 22.960, 49.716, 0
2198095, 53.952, 20.900, 0, 22.963, 49.715, 0
2199781, 53.957, 20.921, 0, 22.952, 49.653, 0
2201467, 53.962, 20.873, 0, 22.965, 49.705, 0
2203152, 53.973, 20.942, 0, 22.973, 49.640, 0
2204838, 53.957, 20.946, 0, 22.989, 49.724, 0
2206524, 53.976, 20.919, 0, 22.989, 49.699, 0
2208209, 53.970, 20.875, 0, 22.997, 49.680, 0
2209895, 53.989, 20.888, 0, 22.984, 49.642, 0
2211581, 53.986, 20.915, 0, 22.960, 49.652, 0
2213266, 53.960, 20.867, 0, 22.957, 49.741, 0
2214952, 53.976, 20.909, 0, 22.981, 49.779, 0
2216638, 54.000, 20.864, 0, 22.976, 49.766, 0
2218323, 54.002, 20.883, 0, 22.971, 49.722, 0
2220009, 53.989, 20.846, 0, 22.949, 49.695, 0
2221694, 54.029, 20.865, 0, 22.963, 49.692, 0
2223380, 54.010, 20.850, 0, 22.965, 49.676, 0
2225066, 54.037, 20.833, 0, 22.960, 49.715, 0
2226751, 54.026, 20.862, 0, 22.955, 49.732, 0
2228437, 54.037, 20.844, 0, 22.944, 49.739, 0
2230123, 54.034, 20.823, 0, 22.939, 49.789, 0
2231808, 54.048, 20.816, 0, 22.963, 49.688, 0
2233494, 54.037, 20.789, 0, 22.963, 49.747, 0
2235180, 54.048, 20.812, 0, 22.971, 49.722, 0
2236865, 54.042, 20.759, 0, 22.973, 49.739, 0
2238551, 54.069, 20.772, 0, 22.963, 49.770, 0
2240237, 54.051, 20.825, 0, 22.984, 49.762, 0
2241922, 54.077, 20.804, 0, 22.955, 49.831, 0
2243608, 54.059, 20.757, 0, 22.968, 49.827, 0
2245293, 54.077, 20.799, 0, 22.949, 49.821, 0
2246979, 54.061, 20.732, 0, 22.947, 49.852, 0
2248665, 54.088, 20.780, 0, 22.922, 49.880, 0
2250350, 54.075, 20.747, 0, 22.912, 49.844, 0
2252036, 54.099, 20.776, 0, 22.928, 49.898, 0
2253722, 54.096, 20.699, 0, 22.917, 49.825, 0
2255407, 54.104, 20.745, 0, 22.898, 49.840, 0
2257093, 54.096, 20.726, 0, 22.896, 49.913, 0
2258779, 54.101, 20.740, 0, 22.880, 49.924, 0
2260464, 54.101, 20.762, 0, 22.874, 49.911, 0
2262150, 54.117, 20.694, 0, 22.885, 49.957, 0
2263836, 54.125, 20.709, 0, 22.885, 49.951, 0
2265521, 54.096, 20.713, 0, 22.872, 49.968, 0
2267207, 54.123, 20.774, 0, 22.872, 49.968, 0
2268892, 54.133, 20.703, 0, 22.853, 49.991, 0
2270578, 54.139, 20.715, 0, 22.845, 50.027, 0
2272264, 54.123, 20.671, 0, 22.845, 50.123, 0
2273949, 54.147, 20.671, 0, 22.861, 50.115, 0
2275635, 54.141, 20.658, 0, 22.826, 50.130, 0
2277321, 54.149, 20.719, 0, 22.834, 50.132, 0
2279006, 54.168, 20.688, 0, 22.821, 50.163, 0
2280692, 54.152, 20.658, 0, 22.824, 50.155, 0
2282378, 54.157, 20.617, 0, 22.794, 50.176, 0
2284063, 54.187, 20.659, 0, 22.800, 50.168, 0
2285749, 54.157, 20.650, 0, 22.826, 50.159, 0
2287434, 54.165, 20.612, 0, 22.805, 50.180, 0
2289120, 54.152, 20.575, 0, 22.824, 50.130, 0
2290806, 54.192, 20.644, 0, 22.821, 50.180, 0
2292491, 54.192, 20.619, 0, 22.821, 50.123, 0
2294177, 54.197, 20.665, 0, 22.826, 50.130, 0
2295863, 54.203, 20.614, 0, 22.805, 50.100, 0
2297548, 54.173, 20.665, 0, 22.805, 50.058, 0
2299234, 54.213, 20.619, 0, 22.824, 50.006, 0
2300920, 54.203, 20.545, 0, 22.818, 49.997, 0
2302605, 54.219, 20.587, 0, 22.832, 50.020, 0
2304291, 54.208, 20.585, 0, 22.824, 50.043, 0
2305977, 54.219, 20.553, 0, 22.829, 50.043, 0
2307662, 54.232, 20.589, 0, 22.824, 50.069, 0
2309348, 54.232, 20.593, 0, 22.832, 50.035, 0
2311033, 54.208, 20.574, 0, 22.808, 50.081, 0
2312719, 54.232, 20.585, 0, 22.842, 50.126, 0
2314405, 54.237, 20.553, 0, 22.845, 50.176, 0
2316090, 54.243, 20.539, 0, 22.832, 50.165, 0
2317776, 54.235, 20.598, 0, 22.826, 50.168, 0
2319462, 54.259, 20.549, 0, 22.821, 50.209, 0
2321147, 54.240, 20.566, 0, 22.821, 50.168, 0
2322833, 54.243, 20.556, 0, 22.840, 50.191, 0
2324519, 54.245, 20.562, 0, 22.869, 50.168, 0
2326204, 54.240, 20.509, 0, 22.853, 50.146, 0
2327890, 54.245, 20.562, 0, 22.832, 50.231, 0
2329576, 54.251, 20.539, 0, 22.842, 50.224, 0
2331261, 54.269, 20.493, 0, 22.837, 50.214, 0
2332947, 54.261, 20.493, 0, 22.840, 50.188, 0
2334632, 54.277, 20.480, 0, 22.834, 50.153, 0
2336318, 54.277, 20.480, 0, 22.842, 50.121, 0
2338004, 54.277, 20.480, 0, 22.834, 50.085, 0
2339689, 54.315, 20.463, 0, 22.861, 50.060, 0
2341375, 54.269, 20.455, 0, 22.845, 50.048, 0
2343061, 54.296, 20.509, 0, 22.848, 50.096, 0
2344746, 54.304, 20.499, 0, 22.861, 50.155, 0
2346432, 54.323, 20.469, 0, 22.842, 50.180, 0
2348118, 54.307, 20.499, 0, 22.872, 50.048, 0
2349803, 54.318, 20.453, 0, 22.858, 50.046, 0
2351489, 54.320, 20.463, 0, 22.858, 50.033, 0
2353175, 54.312, 20.469, 0, 22.858, 50.075, 0
2354860, 54.304, 20.436, 0, 22.869, 50.106, 0
2356546, 54.334, 20.417, 0, 22.882, 50.086, 0
2358231, 54.347, 20.452, 0, 22.885, 50.109, 0
2359917, 54.347, 20.446, 0, 22.885, 50.064, 0
2361603, 54.326, 20.417, 0, 22.869, 50.096, 0
2363288, 54.347, 20.419, 0, 22.885, 50.104, 0
2364974, 54.334, 20.413, 0, 22.858, 50.100, 0
2366660, 54.352, 20.411, 0, 22.866, 50.107, 0
2368345, 54.347, 20.427, 0, 22.861, 50.142, 0
2370031, 54.336, 20.419, 0, 22.869, 50.142, 0
2371717, 54.352, 20.438, 0, 22.898, 50.172, 0
2373402, 54.358, 20.368, 0, 22.872, 50.157, 0
2375088, 54.366, 20.392, 0, 22.872, 50.189, 0
2376774, 54.366, 20.360, 0, 22.896, 50.161, 0
2378459, 54.368, 20.434, 0, 22.904, 50.109, 0
2380145, 54.371, 20.360, 0, 22.890, 50.086, 0
2381830, 54.371, 20.368, 0, 22.888, 50.083, 0
2383516, 54.376, 20.366, 0, 22.869, 50.054, 0
2385202, 54.379, 20.434, 0, 22.880, 50.081, 0
2386887, 54.387, 20.308, 0, 22.906, 50.144, 0
2388573, 54.384, 20.347, 0, 22.869, 50.142, 0
2390259, 54.398, 20.308, 0, 22.872, 50.106, 0
2391944, 54.395, 20.343, 0, 22.869, 50.107, 0
2393630, 54.400, 20.333, 0, 22.885, 50.153, 0
2395316, 54.395, 20.337, 0, 22.874, 50.117, 0
2397001, 54.395, 20.308, 0, 22.901, 50.153, 0
2398687, 54.403, 20.324, 0, 22.880, 50.086, 0
2400373, 54.395, 20.324, 0, 22.888, 50.046, 0
2402058, 54.422, 20.310, 0, 22.861, 50.125, 0
2403744, 54.422, 20.343, 0, 22.864, 50.151, 0
2405429, 54.427, 20.322, 0, 22.877, 50.153, 0
2407115, 54.422, 20.265, 0, 22.882, 50.188, 0
2408801, 54.430, 20.316, 0, 22.877, 50.159, 0
2410486, 54.435, 20.276, 0, 22.858, 50.191, 0
2412172, 54.448, 20.251, 0, 22.856, 50.153, 0
2413858, 54.435, 20.291, 0, 22.848, 50.159, 0
2415543, 54.462, 20.266, 0, 22.861, 50.138, 0
2417229, 54.446, 20.249, 0, 22.864, 50.188, 0
2418915, 54.459, 20.266, 0, 22.858, 50.182, 0
2420600, 54.451, 20.238, 0, 22.858, 50.153, 0
2422286, 54.475, 20.259, 0, 22.842, 50.165, 0
2423972, 54.467, 20.244, 0, 22.856, 50.130, 0
2425657, 54.459, 20.219, 0, 22.832, 50.149, 0
2427343, 54.470, 20.263, 0, 22.842, 50.184, 0
2429028, 54.480, 20.221, 0, 22.816, 50.201, 0
2430714, 54.459, 20.205, 0, 22.842, 50.201, 0
2432400, 54.472, 20.173, 0, 22.821, 50.239, 0
2434085, 54.502, 20.232, 0, 22.850, 50.224, 0
2435771, 54.475, 20.186, 0, 22.861, 50.260, 0
2437457, 54.480, 20.165, 0, 22.858, 50.241, 0
2439142, 54.496, 20.186, 0, 22.856, 50.249, 0
2440828, 54.486, 20.188, 0, 22.877, 50.220, 0
2442514, 54.494, 20.200, 0, 22.861, 50.163, 0
2444199, 54.515, 20.141, 0, 22.858, 50.132, 0
2445885, 54.523, 20.205, 0, 22.872, 50.107, 0
2447571, 54.520, 20.175, 0, 22.890, 50.117, 0
2449256, 54.515, 20.188, 0, 22.888, 50.149, 0
2450942, 54.526, 20.167, 0, 22.880, 50.125, 0
2452627, 54.539, 20.183, 0, 22.890, 50.109, 0
2454313, 54.531, 20.160, 0, 22.874, 50.117, 0
2455999, 54.534, 20.148, 0, 22.869, 50.107, 0
2457684, 54.531, 20.181, 0, 22.882, 50.081, 0
2459370, 54.534, 20.177, 0, 22.858, 50.104, 0
2461056, 54.512, 20.194, 0, 22.842, 50.081, 0
2462741, 54.539, 20.154, 0, 22.880, 50.100, 0
2464427, 54.550, 20.122, 0, 22.885, 50.100, 0
2466113, 54.563, 20.110, 0, 22.885, 50.117, 0
2467798, 54.539, 20.087, 0, 22.888, 50.153, 0
2469484, 54.539, 20.108, 0, 22.898, 50.096, 0
2471170, 54.566, 20.129, 0, 22.896, 50.146, 0
2472855, 54.550, 20.102, 0, 22.893, 50.146, 0
2474541, 54.566, 20.081, 0, 22.877, 50.117, 0
2476226, 54.558, 20.087, 0, 22.882, 50.125, 0
2477912, 54.579, 20.116, 0, 22.890, 50.119, 0
2479598, 54.587, 20.083, 0, 22.882, 50.085, 0
2481283, 54.585, 20.059, 0, 22.890, 50.149, 0
2482969, 54.590, 20.116, 0, 22.872, 50.075, 0
2484655, 54.579, 20.045, 0, 22.869, 50.088, 0
2486340, 54.582, 20.083, 0, 22.885, 50.109, 0
2488026, 54.595, 20.097, 0, 22.880, 50.064, 0
2489712, 54.577, 20.030, 0, 22.880, 50.130, 0
2491397, 54.595, 20.038, 0, 22.914, 50.130, 0
2493083, 54.582, 20.078, 0, 22.880, 50.157, 0
2494769, 54.587, 20.041, 0, 22.896, 50.146, 0
2496454, 54.609, 19.999, 0, 22.896, 50.146, 0
2498140, 54.614, 20.032, 0, 22.896, 50.086, 0
2499825, 54.601, 20.051, 0, 22.896, 50.073, 0
2501511, 54.614, 20.051, 0, 22.888, 50.086, 0
2503197, 54.614, 19.978, 0, 22.888, 50.064, 0
2504882, 54.630, 20.043, 0, 22.890, 50.096, 0
2506568, 54.625, 20.053, 0, 22.893, 50.064, 0
2508254, 54.614, 19.998, 0, 22.898, 50.083, 0
2509939, 54.617, 20.011, 0, 22.888, 50.098, 0
2511625, 54.622, 19.986, 0, 22.874, 50.086, 0
2513311, 54.630, 20.011, 0, 22.877, 50.065, 0
2514996, 54.649, 20.001, 0, 22.885, 50.020, 0
2516682, 54.643, 19.984, 0, 22.888, 50.067, 0
2518368, 54.627, 19.986, 0, 22.869, 50.065, 0
2520053, 54.662, 20.007, 0, 22.874, 50.056, 0
2521739, 54.659, 20.026, 0, 22.880, 50.081, 0
2523424, 54.641, 19.940, 0, 22.912, 50.064, 0
2525110, 54.649, 19.927, 0, 22.888, 50.092, 0
2526796, 54.667, 19.961, 0, 22.901, 50.109, 0
2528481, 54.678, 19.916, 0, 22.955, 50.113, 0
2530167, 54.657, 19.952, 0, 22.901, 50.031, 0
2531853, 54.673, 19.925, 0, 22.896, 50.043, 0
2533538, 54.675, 19.935, 0, 22.906, 49.999, 0
2535224, 54.678, 19.921, 0, 22.914, 50.058, 0
2536910, 54.683, 19.967, 0, 22.898, 50.083, 0
2538595, 54.694, 19.942, 0, 22.874, 50.107, 0
2540281, 54.694, 19.902, 0, 22.893, 50.107, 0
2541967, 54.678, 19.887, 0, 22.888, 50.144, 0
2543652, 54.707, 19.944, 0, 22.856, 50.176, 0
2545338, 54.707, 19.912, 0, 22.885, 50.170, 0
2547023, 54.694, 19.940, 0, 22.866, 50.165, 0
2548709, 54.713, 19.917, 0, 22.874, 50.237, 0
2550395, 54.702, 19.889, 0, 22.877, 50.220, 0
2552080, 54.691, 19.855, 0, 22.869, 50.254, 0
2553766, 54.715, 19.912, 0, 22.869, 50.220, 0
2555452, 54.745, 19.866, 0, 22.864, 50.264, 0
2557137, 54.726, 19.912, 0, 22.864, 50.228, 0
2558823, 54.713, 19.870, 0, 22.861, 50.216, 0
2560509, 54.731, 19.872, 0, 22.832, 50.197, 0
