3986506, 56.168, 16.751, 0, 22.503, 48.818, 0
3988192, 56.163, 16.772, 0, 22.474, 48.778, 0
3989877, 56.147, 16.709, 0, 22.514, 48.772, 0
3991563, 56.125, 16.707, 0, 22.514, 48.652, 0
3993249, 56.096, 16.627, 0, 22.503, 48.612, 0
3994934, 56.048, 16.675, 0, 22.517, 48.528, 0
3996620, 56.013, 16.658, 0, 22.530, 48.498, 0
3998306, 55.968, 16.663, 0, 22.533, 48.484, 0
3999991, 55.925, 16.688, 0, 22.546, 48.429, 0
4001677, 55.872, 16.667, 0, 22.559, 48.404, 0
4003363, 55.805, 16.717, 0, 22.586, 48.376, 0
4005048, 55.743, 16.669, 0, 22.597, 48.309, 0
4006734, 55.661, 16.652, 0, 22.618, 48.286, 0
4008419, 55.599, 16.690, 0, 22.605, 48.294, 0
4010105, 55.522, 16.673, 0, 22.591, 48.385, 0
4011791, 55.442, 16.742, 0, 22.591, 48.442, 0
4013476, 55.340, 16.692, 0, 22.613, 48.526, 0
4015162, 55.266, 16.724, 0, 22.597, 48.519, 0
4016848, 55.172, 16.707, 0, 22.581, 48.517, 0
4018533, 55.079, 16.728, 0, 22.573, 48.517, 0
4020219, 55.004, 16.761, 0, 22.551, 48.490, 0
4021905, 54.908, 16.757, 0, 22.559, 48.448, 0
4023590, 54.817, 16.765, 0, 22.562, 48.442, 0
4025276, 54.726, 16.768, 0, 22.530, 48.425, 0
4026962, 54.622, 16.797, 0, 22.562, 48.461, 0
4028647, 54.526, 16.782, 0, 22.559, 48.492, 0
4030333, 54.427, 16.770, 0, 22.578, 48.580, 0
4032018, 54.312, 16.822, 0, 22.570, 48.587, 0
4033704, 54.243, 16.805, 0, 22.567, 48.629, 0
4035390, 54.136, 16.839, 0, 22.570, 48.669, 0
4037075, 54.048, 16.848, 0, 22.554, 48.675, 0
4038761, 53.933, 16.835, 0, 22.559, 48.664, 0
4040447, 53.840, 16.854, 0, 22.570, 48.707, 0
4042132, 53.741, 16.938, 0, 22.541, 48.738, 0
4043818, 53.626, 16.871, 0, 22.527, 48.780, 0
4045504, 53.514, 16.972, 0, 22.549, 48.778, 0
4047189, 53.428, 16.885, 0, 22.549, 48.814, 0
4048875, 53.338, 16.913, 0, 22.575, 48.871, 0
4050561, 53.239, 17.016, 0, 22.570, 48.824, 0
4052246, 53.151, 17.001, 0, 22.594, 48.774, 0
4053932, 53.022, 17.043, 0, 22.589, 48.767, 0
4055617, 52.932, 17.037, 0, 22.586, 48.742, 0
4057303, 52.846, 17.035, 0, 22.594, 48.644, 0
4058989, 52.745, 17.043, 0, 22.599, 48.547, 0
4060674, 52.657, 17.053, 0, 22.583, 48.503, 0
4062360, 52.555, 17.089, 0, 22.597, 48.520, 0
4064046, 52.462, 17.072, 0, 22.610, 48.503, 0
4065731, 52.390, 17.121, 0, 22.613, 48.463, 0
4067417, 52.251, 17.096, 0, 22.605, 48.480, 0
4069103, 52.171, 17.129, 0, 22.613, 48.454, 0
4070788, 52.077, 17.142, 0, 22.613, 48.482, 0
4072474, 51.962, 17.163, 0, 22.623, 48.540, 0
4074159, 51.906, 17.188, 0, 22.613, 48.530, 0
4075845, 51.797, 17.236, 0, 22.631, 48.511, 0
4077531, 51.709, 17.268, 0, 22.629, 48.479, 0
4079216, 51.618, 17.238, 0, 22.618, 48.465, 0
4080902, 51.511, 17.260, 0, 22.650, 48.490, 0
4082588, 51.420, 17.322, 0, 22.639, 48.543, 0
4084273, 51.332, 17.285, 0, 22.639, 48.520, 0
4085959, 51.249, 17.301, 0, 22.669, 48.608, 0
4087645, 51.153, 17.253, 0, 22.669, 48.608, 0
4089330, 51.078, 17.354, 0, 22.666, 48.599, 0
4091016, 50.972, 17.384, 0, 22.690, 48.654, 0
4092702, 50.881, 17.367, 0, 22.690, 48.652, 0
4094387, 50.814, 17.405, 0, 22.701, 48.587, 0
4096073, 50.729, 17.402, 0, 22.714, 48.520, 0
4097759, 50.630, 17.415, 0, 22.744, 48.486, 0
4099444, 50.558, 17.484, 0, 22.725, 48.412, 0
4101130, 50.456, 17.428, 0, 22.760, 48.398, 0
4102815, 50.365, 17.451, 0, 22.757, 48.402, 0
4104501, 50.293, 17.533, 0, 22.757, 48.343, 0
4106187, 50.195, 17.478, 0, 22.768, 48.284, 0
4107872, 50.128, 17.535, 0, 22.757, 48.286, 0
4109558, 50.040, 17.508, 0, 22.749, 48.288, 0
4111244, 49.962, 17.528, 0, 22.741, 48.265, 0
4112929, 49.871, 17.529, 0, 22.730, 48.332, 0
4114615, 49.802, 17.600, 0, 22.736, 48.372, 0
4116301, 49.701, 17.629, 0, 22.736, 48.389, 0
4117986, 49.644, 17.583, 0, 22.730, 48.459, 0
4119672, 49.551, 17.634, 0, 22.738, 48.467, 0
4121357, 49.460, 17.617, 0, 22.744, 48.444, 0
4123043, 49.375, 17.650, 0, 22.752, 48.425, 0
4124729, 49.332, 17.692, 0, 22.744, 48.458, 0
4126414, 49.204, 17.642, 0, 22.765, 48.438, 0
4128100, 49.153, 17.718, 0, 22.754, 48.397, 0
4129786, 49.078, 17.716, 0, 22.768, 48.435, 0
4131471, 48.996, 17.735, 0, 22.733, 48.410, 0
4133157, 48.907, 17.735, 0, 22.730, 48.438, 0
4134843, 48.833, 17.819, 0, 22.733, 48.479, 0
4136528, 48.779, 17.789, 0, 22.741, 48.494, 0
4138214, 48.686, 17.823, 0, 22.757, 48.469, 0
4139900, 48.603, 17.806, 0, 22.746, 48.444, 0
4141585, 48.515, 17.810, 0, 22.768, 48.385, 0
4143271, 48.470, 17.804, 0, 22.744, 48.343, 0
4144956, 48.387, 17.892, 0, 22.741, 48.372, 0
4146642, 48.291, 17.884, 0, 22.736, 48.389, 0
4148328, 48.243, 17.882, 0, 22.741, 48.295, 0
4150013, 48.168, 17.915, 0, 22.741, 48.221, 0
4151699, 48.080, 17.962, 0, 22.730, 48.149, 0
4153385, 48.008, 17.894, 0, 22.744, 48.152, 0
4155070, 47.943, 17.905, 0, 22.744, 48.168, 0
4156756, 47.858, 17.974, 0, 22.752, 48.229, 0
4158442, 47.799, 17.932, 0, 22.760, 48.311, 0
4160127, 47.714, 17.981, 0, 22.754, 48.320, 0
4161813, 47.642, 17.976, 0, 22.733, 48.356, 0
4163499, 47.578, 17.987, 0, 22.752, 48.347, 0
4165184, 47.495, 18.004, 0, 22.749, 48.301, 0
4166870, 47.423, 18.016, 0, 22.768, 48.191, 0
4168555, 47.337, 18.054, 0, 22.770, 48.088, 0
4170241, 47.284, 18.056, 0, 22.730, 48.021, 0
4171927, 47.201, 18.071, 0, 22.773, 48.076, 0
4173612, 47.145, 18.092, 0, 22.757, 48.088, 0
4175298, 47.062, 18.092, 0, 22.741, 48.053, 0
4176984, 46.990, 18.121, 0, 22.744, 48.086, 0
4178669, 46.923, 18.117, 0, 22.730, 48.093, 0
4180355, 46.870, 18.147, 0, 22.736, 48.089, 0
4182041, 46.801, 18.199, 0, 22.736, 48.108, 0
4183726, 46.726, 18.168, 0, 22.741, 48.185, 0
4185412, 46.648, 18.170, 0, 22.736, 48.232, 0
4187097, 46.614, 18.273, 0, 22.717, 48.328, 0
4188783, 46.544, 18.231, 0, 22.733, 48.341, 0
4190469, 46.459, 18.254, 0, 22.714, 48.397, 0
4192154, 46.400, 18.268, 0, 22.744, 48.431, 0
4193840, 46.320, 18.292, 0, 22.744, 48.423, 0
4195526, 46.275, 18.248, 0, 22.744, 48.414, 0
4197211, 46.189, 18.296, 0, 22.762, 48.416, 0
4198897, 46.117, 18.298, 0, 22.749, 48.406, 0
4200583, 46.045, 18.334, 0, 22.768, 48.438, 0
4202268, 45.981, 18.367, 0, 22.776, 48.488, 0
4203954, 45.917, 18.342, 0, 22.768, 48.496, 0
4205640, 45.861, 18.346, 0, 22.778, 48.526, 0
4207325, 45.805, 18.403, 0, 22.773, 48.503, 0
4209011, 45.716, 18.434, 0, 22.768, 48.515, 0
4210696, 45.671, 18.414, 0, 22.802, 48.492, 0
4212382, 45.588, 18.414, 0, 22.794, 48.480, 0
4214068, 45.556, 18.445, 0, 22.800, 48.448, 0
4215753, 45.481, 18.468, 0, 22.789, 48.456, 0
4217439, 45.423, 18.479, 0, 22.789, 48.492, 0
4219125, 45.329, 18.489, 0, 22.794, 48.479, 0
4220810, 45.273, 18.550, 0, 22.802, 48.465, 0
4222496, 45.214, 18.470, 0, 22.797, 48.452, 0
4224182, 45.140, 18.485, 0, 22.794, 48.416, 0
4225867, 45.113, 18.571, 0, 22.786, 48.423, 0
4227553, 45.006, 18.563, 0, 22.797, 48.397, 0
4229239, 44.955, 18.596, 0, 22.797, 48.446, 0
4230924, 44.902, 18.620, 0, 22.778, 48.408, 0
4232610, 44.851, 18.622, 0, 22.792, 48.427, 0
4234295, 44.774, 18.605, 0, 22.768, 48.412, 0
4235981, 44.699, 18.643, 0, 22.765, 48.438, 0
4237667, 44.640, 18.636, 0, 22.784, 48.463, 0
4239352, 44.606, 18.649, 0, 22.805, 48.475, 0
4241038, 44.528, 18.681, 0, 22.794, 48.452, 0
4242724, 44.477, 18.697, 0, 22.805, 48.461, 0
4244409, 44.400, 18.725, 0, 22.808, 48.448, 0
4246095, 44.365, 18.756, 0, 22.794, 48.442, 0
4247781, 44.296, 18.710, 0, 22.773, 48.425, 0
4249466, 44.242, 18.741, 0, 22.810, 48.427, 0
4251152, 44.168, 18.737, 0, 22.800, 48.419, 0
4252838, 44.117, 18.775, 0, 22.821, 48.414, 0
4254523, 44.055, 18.788, 0, 22.797, 48.425, 0
4256209, 43.981, 18.786, 0, 22.786, 48.446, 0
4257894, 43.933, 18.809, 0, 22.805, 48.448, 0
4259580, 43.874, 18.792, 0, 22.792, 48.429, 0
4261266, 43.820, 18.857, 0, 22.824, 48.419, 0
4262951, 43.764, 18.886, 0, 22.813, 48.444, 0
4264637, 43.711, 18.861, 0, 22.821, 48.377, 0
4266323, 43.650, 18.903, 0, 22.824, 48.362, 0
4268008, 43.567, 18.918, 0, 22.810, 48.351, 0
4269694, 43.519, 18.960, 0, 22.808, 48.421, 0
4271380, 43.465, 18.939, 0, 22.816, 48.372, 0
4273065, 43.404, 18.914, 0, 22.816, 48.360, 0
4274751, 43.364, 18.992, 0, 22.816, 48.324, 0
4276437, 43.276, 18.994, 0, 22.837, 48.305, 0
4278122, 43.230, 19.032, 0, 22.824, 48.263, 0
4279808, 43.169, 19.015, 0, 22.832, 48.280, 0
4281493, 43.094, 19.051, 0, 22.842, 48.299, 0
4283179, 43.067, 19.021, 0, 22.810, 48.334, 0
4284865, 43.014, 19.046, 0, 22.821, 48.343, 0
4286550, 42.958, 19.061, 0, 22.842, 48.368, 0
4288236, 42.907, 19.088, 0, 22.829, 48.360, 0
4289922, 42.838, 19.086, 0, 22.829, 48.326, 0
4291607, 42.800, 19.134, 0, 22.826, 48.311, 0
4293293, 42.736, 19.124, 0, 22.834, 48.286, 0
4294979, 42.678, 19.107, 0, 22.824, 48.294, 0
4296664, 42.621, 19.183, 0, 22.813, 48.305, 0
4298350, 42.557, 19.168, 0, 22.832, 48.335, 0
4300035, 42.517, 19.206, 0, 22.845, 48.305, 0
4301721, 42.456, 19.229, 0, 22.816, 48.301, 0
4303407, 42.419, 19.179, 0, 22.840, 48.292, 0
4305092, 42.338, 19.229, 0, 22.837, 48.322, 0
4306778, 42.309, 19.214, 0, 22.821, 48.280, 0
4308464, 42.264, 19.265, 0, 22.837, 48.269, 0
4310149, 42.202, 19.286, 0, 22.848, 48.215, 0
4311835, 42.152, 19.244, 0, 22.845, 48.126, 0
4313521, 42.079, 19.267, 0, 22.832, 48.179, 0
4315206, 42.037, 19.355, 0, 22.853, 48.129, 0
4316892, 41.989, 19.278, 0, 22.848, 48.112, 0
4318578, 41.914, 19.345, 0, 22.858, 48.124, 0
4320263, 41.879, 19.317, 0, 22.842, 48.126, 0
4321949, 41.818, 19.372, 0, 22.840, 48.149, 0
4323634, 41.786, 19.383, 0, 22.840, 48.160, 0
4325320, 41.711, 19.406, 0, 22.826, 48.137, 0
4327006, 41.663, 19.313, 0, 22.850, 48.192, 0
4328691, 41.604, 19.401, 0, 22.824, 48.147, 0
4330377, 41.559, 19.475, 0, 22.845, 48.116, 0
4332063, 41.516, 19.460, 0, 22.842, 48.099, 0
4333748, 41.455, 19.477, 0, 22.861, 48.011, 0
4335434, 41.415, 19.496, 0, 22.805, 48.057, 0
4337120, 41.361, 19.492, 0, 22.834, 48.097, 0
4338805, 41.297, 19.542, 0, 22.832, 48.170, 0
4340491, 41.225, 19.526, 0, 22.816, 48.206, 0
4342177, 41.190, 19.525, 0, 22.816, 48.208, 0
4343862, 41.150, 19.532, 0, 22.821, 48.198, 0
4345548, 41.105, 19.597, 0, 22.802, 48.154, 0
4347233, 41.043, 19.557, 0, 22.800, 48.160, 0
4348919, 40.995, 19.561, 0, 22.821, 48.191, 0
4350605, 40.947, 19.563, 0, 22.842, 48.196, 0
4352290, 40.915, 19.614, 0, 22.821, 48.263, 0
4353976, 40.854, 19.635, 0, 22.832, 48.217, 0
4355662, 40.798, 19.654, 0, 22.824, 48.221, 0
4357347, 40.760, 19.656, 0, 22.834, 48.253, 0
4359033, 40.707, 19.649, 0, 22.821, 48.248, 0
4360719, 40.632, 19.683, 0, 22.813, 48.295, 0
4362404, 40.616, 19.713, 0, 22.813, 48.299, 0
4364090, 40.571, 19.687, 0, 22.824, 48.320, 0
4365776, 40.517, 19.721, 0, 22.805, 48.360, 0
4367461, 40.445, 19.797, 0, 22.786, 48.389, 0
4369147, 40.437, 19.738, 0, 22.800, 48.416, 0
4370832, 40.368, 19.759, 0, 22.802, 48.376, 0
4372518, 40.320, 19.765, 0, 22.800, 48.381, 0
4374204, 40.264, 19.780, 0, 22.805, 48.395, 0
4375889, 40.250, 19.828, 0, 22.821, 48.400, 0
4377575, 40.183, 19.776, 0, 22.794, 48.412, 0
4379261, 40.127, 19.851, 0, 22.808, 48.402, 0
4380946, 40.082, 19.851, 0, 22.816, 48.463, 0
4382632, 40.039, 19.874, 0, 22.778, 48.448, 0
4384318, 39.991, 19.847, 0, 22.794, 48.419, 0
4386003, 39.943, 19.868, 0, 22.778, 48.488, 0
4387689, 39.914, 19.919, 0, 22.778, 48.507, 0
4389375, 39.858, 19.948, 0, 22.797, 48.486, 0
4391060, 39.820, 19.910, 0, 22.776, 48.490, 0
4392746, 39.772, 19.958, 0, 22.773, 48.490, 0
4394431, 39.708, 19.916, 0, 22.770, 48.438, 0
4396117, 39.665, 19.971, 0, 22.781, 48.438, 0
4397803, 39.647, 19.965, 0, 22.781, 48.404, 0
4399488, 39.593, 19.980, 0, 22.789, 48.456, 0
4401174, 39.553, 20.028, 0, 22.792, 48.423, 0
4402860, 39.508, 20.017, 0, 22.794, 48.425, 0
4404545, 39.444, 20.036, 0, 22.781, 48.427, 0
4406231, 39.401, 20.041, 0, 22.794, 48.486, 0
4407917, 39.356, 20.034, 0, 22.789, 48.480, 0
4409602, 39.316, 20.017, 0, 22.794, 48.479, 0
4411288, 39.286, 20.116, 0, 22.810, 48.475, 0
4412974, 39.236, 20.104, 0, 22.840, 48.492, 0
4414659, 39.190, 20.116, 0, 22.816, 48.467, 0
4416345, 39.142, 20.133, 0, 22.810, 48.467, 0
4418030, 39.105, 20.169, 0, 22.821, 48.486, 0
4419716, 39.067, 20.165, 0, 22.805, 48.524, 0
4421402, 39.043, 20.120, 0, 22.805, 48.498, 0
4423087, 38.977, 20.162, 0, 22.808, 48.479, 0
4424773, 38.934, 20.171, 0, 22.834, 48.463, 0
4426459, 38.891, 20.186, 0, 22.810, 48.526, 0
4428144, 38.854, 20.221, 0, 22.834, 48.511, 0
4429830, 38.811, 20.192, 0, 22.824, 48.450, 0
4431516, 38.771, 20.244, 0, 22.813, 48.471, 0
4433201, 38.723, 20.253, 0, 22.805, 48.492, 0
4434887, 38.693, 20.257, 0, 22.792, 48.503, 0
4436573, 38.648, 20.274, 0, 22.768, 48.500, 0
4438258, 38.595, 20.291, 0, 22.802, 48.515, 0
4439944, 38.552, 20.328, 0, 22.800, 48.509, 0
4441629, 38.501, 20.310, 0, 22.794, 48.532, 0
4443315, 38.466, 20.375, 0, 22.778, 48.574, 0
4445001, 38.442, 20.322, 0, 22.794, 48.589, 0
4446686, 38.402, 20.377, 0, 22.786, 48.614, 0
4448372, 38.357, 20.364, 0, 22.805, 48.574, 0
4450058, 38.298, 20.354, 0, 22.832, 48.526, 0
4451743, 38.282, 20.371, 0, 22.837, 48.475, 0
4453429, 38.245, 20.364, 0, 22.842, 48.458, 0
4455115, 38.194, 20.400, 0, 22.810, 48.414, 0
4456800, 38.133, 20.442, 0, 22.824, 48.410, 0
4458486, 38.085, 20.421, 0, 22.866, 48.343, 0
4460171, 38.074, 20.427, 0, 22.842, 48.265, 0
4461857, 38.037, 20.509, 0, 22.818, 48.284, 0
4463543, 37.994, 20.499, 0, 22.818, 48.314, 0
4465228, 37.927, 20.503, 0, 22.824, 48.353, 0
4466914, 37.916, 20.513, 0, 22.848, 48.351, 0
4468600, 37.898, 20.444, 0, 22.813, 48.324, 0
4470285, 37.836, 20.530, 0, 22.832, 48.276, 0
4471971, 37.799, 20.511, 0, 22.829, 48.288, 0
4473657, 37.788, 20.541, 0, 22.832, 48.295, 0
4475342, 37.753, 20.566, 0, 22.794, 48.299, 0
4477028, 37.671, 20.560, 0, 22.794, 48.316, 0
4478714, 37.641, 20.598, 0, 22.816, 48.280, 0
4480399, 37.612, 20.629, 0, 22.802, 48.282, 0
4482085, 37.561, 20.680, 0, 22.832, 48.261, 0
4483770, 37.545, 20.596, 0, 22.816, 48.198, 0
4485456, 37.486, 20.675, 0, 22.837, 48.152, 0
4487142, 37.465, 20.638, 0, 22.816, 48.198, 0
4488827, 37.430, 20.667, 0, 22.842, 48.191, 0
4490513, 37.369, 20.663, 0, 22.866, 48.173, 0
4492199, 37.348, 20.646, 0, 22.856, 48.175, 0
4493884, 37.300, 20.720, 0, 22.853, 48.257, 0
4495570, 37.273, 20.671, 0, 22.834, 48.227, 0
4497256, 37.230, 20.711, 0, 22.845, 48.152, 0
4498941, 37.195, 20.726, 0, 22.818, 48.171, 0
4500627, 37.169, 20.732, 0, 22.794, 48.191, 0
4502312, 37.123, 20.789, 0, 22.845, 48.250, 0
4503998, 37.067, 20.749, 0, 22.832, 48.313, 0
4505684, 37.051, 20.757, 0, 22.845, 48.303, 0
4507369, 37.019, 20.749, 0, 22.837, 48.324, 0
4509055, 36.974, 20.831, 0, 22.848, 48.332, 0
4510741, 36.950, 20.793, 0, 22.842, 48.377, 0
4512426, 36.920, 20.841, 0, 22.826, 48.376, 0
4514112, 36.896, 20.852, 0, 22.813, 48.421, 0
4515798, 36.824, 20.900, 0, 22.816, 48.423, 0
4517483, 36.781, 20.839, 0, 22.837, 48.408, 0
4519169, 36.771, 20.844, 0, 22.832, 48.410, 0
4520855, 36.728, 20.848, 0, 22.826, 48.385, 0
4522540, 36.693, 20.896, 0, 22.837, 48.322, 0
4524226, 36.653, 20.890, 0, 22.845, 48.252, 0
4525911, 36.616, 20.932, 0, 22.845, 48.284, 0
4527597, 36.605, 20.900, 0, 22.816, 48.341, 0
4529283, 36.541, 20.917, 0, 22.834, 48.395, 0
4530968, 36.525, 20.917, 0, 22.797, 48.459, 0
4532654, 36.490, 20.919, 0, 22.808, 48.473, 0
4534340, 36.448, 20.942, 0, 22.805, 48.461, 0
4536025, 36.413, 20.976, 0, 22.813, 48.480, 0
4537711, 36.384, 20.980, 0, 22.800, 48.488, 0
4539397, 36.357, 21.012, 0, 22.834, 48.419, 0
4541082, 36.293, 20.993, 0, 22.821, 48.433, 0
4542768, 36.285, 21.016, 0, 22.800, 48.459, 0
4544454, 36.250, 21.020, 0, 22.805, 48.461, 0
4546139, 36.210, 21.045, 0, 22.821, 48.440, 0
4547825, 36.181, 21.066, 0, 22.824, 48.391, 0
4549510, 36.157, 21.028, 0, 22.821, 48.423, 0
4551196, 36.125, 21.058, 0, 22.842, 48.461, 0
4552882, 36.071, 21.052, 0, 22.837, 48.465, 0
4554567, 36.055, 21.089, 0, 22.826, 48.456, 0
4556253, 36.015, 21.111, 0, 22.832, 48.461, 0
4557939, 36.007, 21.110, 0, 22.840, 48.364, 0
4559624, 35.954, 21.096, 0, 22.866, 48.274, 0
4561310, 35.911, 21.110, 0, 22.842, 48.328, 0
4562996, 35.895, 21.125, 0, 22.840, 48.322, 0
4564681, 35.868, 21.111, 0, 22.824, 48.393, 0
4566367, 35.844, 21.155, 0, 22.834, 48.416, 0
4568053, 35.796, 21.199, 0, 22.842, 48.398, 0
4569738, 35.767, 21.169, 0, 22.829, 48.425, 0
4571424, 35.727, 21.180, 0, 22.837, 48.519, 0
4573109, 35.700, 21.197, 0, 22.845, 48.484, 0
4574795, 35.668, 21.182, 0, 22.837, 48.458, 0
4576481, 35.649, 21.230, 0, 22.842, 48.412, 0
4578166, 35.620, 21.205, 0, 22.848, 48.417, 0
4579852, 35.591, 21.264, 0, 22.853, 48.379, 0
4581538, 35.540, 21.291, 0, 22.845, 48.395, 0
4583223, 35.505, 21.272, 0, 22.842, 48.395, 0
4584909, 35.489, 21.300, 0, 22.853, 48.397, 0
4586595, 35.462, 21.285, 0, 22.853, 48.433, 0
4588280, 35.430, 21.338, 0, 22.832, 48.461, 0
4589966, 35.406, 21.260, 0, 22.842, 48.500, 0
4591651, 35.366, 21.293, 0, 22.840, 48.551, 0
4593337, 35.334, 21.316, 0, 22.834, 48.566, 0
4595023, 35.291, 21.314, 0, 22.821, 48.572, 0
4596708, 35.270, 21.367, 0, 22.834, 48.532, 0
4598394, 35.254, 21.365, 0, 22.834, 48.536, 0
4600080, 35.193, 21.426, 0, 22.834, 48.473, 0
4601765, 35.193, 21.342, 0, 22.837, 48.438, 0
4603451, 35.163, 21.396, 0, 22.845, 48.444, 0
4605137, 35.123, 21.382, 0, 22.842, 48.421, 0
4606822, 35.102, 21.394, 0, 22.845, 48.377, 0
4608508, 35.097, 21.445, 0, 22.858, 48.398, 0
4610194, 35.062, 21.415, 0, 22.837, 48.343, 0
4611879, 35.011, 21.478, 0, 22.826, 48.391, 0
4613565, 34.992, 21.459, 0, 22.832, 48.343, 0
4615250, 34.963, 21.451, 0, 22.850, 48.257, 0
4616936, 34.918, 21.461, 0, 22.853, 48.274, 0
4618622, 34.912, 21.480, 0, 22.848, 48.248, 0
4620307, 34.864, 21.462, 0, 22.832, 48.250, 0
4621993, 34.827, 21.522, 0, 22.853, 48.314, 0
4623679, 34.819, 21.504, 0, 22.832, 48.349, 0
4625364, 34.795, 21.544, 0, 22.834, 48.362, 0
4627050, 34.747, 21.523, 0, 22.840, 48.358, 0
4628736, 34.747, 21.523, 0, 22.832, 48.349, 0
4630421, 34.704, 21.523, 0, 22.845, 48.322, 0
4632107, 34.651, 21.571, 0, 22.840, 48.393, 0
4633793, 34.648, 21.588, 0, 22.845, 48.355, 0
4635478, 34.616, 21.544, 0, 22.869, 48.326, 0
4637164, 34.592, 21.588, 0, 22.845, 48.358, 0
4638849, 34.578, 21.537, 0, 22.832, 48.326, 0
4640535, 34.530, 21.569, 0, 22.866, 48.330, 0
4642221, 34.509, 21.647, 0, 22.848, 48.351, 0
4643906, 34.485, 21.575, 0, 22.853, 48.360, 0
4645592, 34.456, 21.640, 0, 22.864, 48.303, 0
4647278, 34.432, 21.657, 0, 22.858, 48.294, 0
4648963, 34.392, 21.594, 0, 22.856, 48.274, 0
4650649, 34.368, 21.687, 0, 22.858, 48.343, 0
4652335, 34.341, 21.680, 0, 22.848, 48.360, 0
4654020, 34.330, 21.691, 0, 22.869, 48.381, 0
4655706, 34.287, 21.718, 0, 22.858, 48.414, 0
4657391, 34.258, 21.687, 0, 22.858, 48.461, 0
4659077, 34.239, 21.661, 0, 22.861, 48.427, 0
4660763, 34.223, 21.735, 0, 22.872, 48.397, 0
4662448, 34.181, 21.720, 0, 22.896, 48.397, 0
4664134, 34.154, 21.682, 0, 22.861, 48.429, 0
4665820, 34.122, 21.699, 0, 22.888, 48.454, 0
4667505, 34.108, 21.794, 0, 22.877, 48.395, 0
4669191, 34.092, 21.770, 0, 22.848, 48.444, 0
4670877, 34.052, 21.808, 0, 22.845, 48.425, 0
4672562, 34.055, 21.729, 0, 22.842, 48.412, 0
4674248, 34.012, 21.781, 0, 22.872, 48.419, 0
4675934, 33.975, 21.811, 0, 22.858, 48.406, 0
4677619, 33.951, 21.804, 0, 22.869, 48.347, 0
4679305, 33.927, 21.850, 0, 22.896, 48.341, 0
4680990, 33.930, 21.810, 0, 22.880, 48.351, 0
4682676, 33.900, 21.842, 0, 22.888, 48.274, 0
4684362, 33.855, 21.859, 0, 22.885, 48.374, 0
4686047, 33.801, 21.831, 0, 22.858, 48.397, 0
4687733, 33.807, 21.844, 0, 22.869, 48.435, 0
4689419, 33.791, 21.844, 0, 22.842, 48.471, 0
4691104, 33.756, 21.834, 0, 22.864, 48.461, 0
4692790, 33.727, 21.865, 0, 22.840, 48.524, 0
4694476, 33.711, 21.903, 0, 22.850, 48.522, 0
4696161, 33.689, 21.895, 0, 22.842, 48.574, 0
4697847, 33.663, 21.888, 0, 22.834, 48.568, 0
4699533, 33.631, 21.928, 0, 22.866, 48.528, 0
4701218, 33.617, 21.941, 0, 22.845, 48.500, 0
4702904, 33.585, 21.949, 0, 22.858, 48.427, 0
4704589, 33.572, 21.924, 0, 22.888, 48.374, 0
4706275, 33.537, 21.916, 0, 22.896, 48.343, 0
4707961, 33.526, 21.941, 0, 22.882, 48.297, 0
4709646, 33.510, 21.947, 0, 22.896, 48.267, 0
4711332, 33.481, 21.987, 0, 22.896, 48.248, 0
4713018, 33.436, 21.966, 0, 22.885, 48.189, 0
4714703, 33.406, 22.023, 0, 22.901, 48.192, 0
4716389, 33.404, 21.958, 0, 22.898, 48.210, 0
4718075, 33.369, 22.008, 0, 22.869, 48.187, 0
4719760, 33.369, 21.993, 0, 22.901, 48.267, 0
4721446, 33.326, 21.996, 0, 22.869, 48.349, 0
4723132, 33.294, 22.019, 0, 22.874, 48.404, 0
4724817, 33.275, 22.052, 0, 22.874, 48.429, 0
4726503, 33.267, 22.027, 0, 22.893, 48.423, 0
4728188, 33.230, 22.050, 0, 22.872, 48.488, 0
4729874, 33.193, 22.067, 0, 22.896, 48.509, 0
4731560, 33.203, 22.115, 0, 22.882, 48.532, 0
4733245, 33.171, 22.088, 0, 22.872, 48.532, 0
4734931, 33.136, 22.105, 0, 22.888, 48.551, 0
4736617, 33.115, 22.067, 0, 22.890, 48.520, 0
4738302, 33.102, 22.092, 0, 22.882, 48.471, 0
4739988, 33.088, 22.086, 0, 22.896, 48.414, 0
4741674, 33.062, 22.153, 0, 22.904, 48.395, 0
4743359, 33.024, 22.151, 0, 22.869, 48.429, 0
4745045, 33.032, 22.088, 0, 22.896, 48.429, 0
4746730, 32.998, 22.185, 0, 22.880, 48.395, 0
4748416, 32.942, 22.153, 0, 22.874, 48.404, 0
4750102, 32.934, 22.147, 0, 22.882, 48.368, 0
4751787, 32.920, 22.176, 0, 22.890, 48.402, 0
4753473, 32.899, 22.180, 0, 22.890, 48.360, 0
4755159, 32.888, 22.191, 0, 22.885, 48.358, 0
4756844, 32.861, 22.208, 0, 22.906, 48.393, 0
4758530, 32.832, 22.201, 0, 22.885, 48.408, 0
4760216, 32.819, 22.212, 0, 22.861, 48.410, 0
4761901, 32.781, 22.191, 0, 22.898, 48.454, 0
4763587, 32.771, 22.231, 0, 22.912, 48.444, 0
4765273, 32.755, 22.239, 0, 22.909, 48.442, 0
4766958, 32.733, 22.229, 0, 22.898, 48.488, 0
4768644, 32.720, 22.243, 0, 22.909, 48.467, 0
4770329, 32.693, 22.277, 0, 22.885, 48.501, 0
4772015, 32.664, 22.244, 0, 22.898, 48.435, 0
4773701, 32.645, 22.265, 0, 22.885, 48.494, 0
4775386, 32.640, 22.281, 0, 22.920, 48.515, 0
4777072, 32.613, 22.288, 0, 22.917, 48.547, 0
4778758, 32.584, 22.277, 0, 22.944, 48.522, 0
4780443, 32.565, 22.305, 0, 22.928, 48.433, 0
4782129, 32.536, 22.275, 0, 22.944, 48.444, 0
4783815, 32.512, 22.332, 0, 22.930, 48.376, 0
4785500, 32.514, 22.332, 0, 22.939, 48.326, 0
4787186, 32.488, 22.336, 0, 22.971, 48.217, 0
4788872, 32.461, 22.296, 0, 22.971, 48.181, 0
4790557, 32.413, 22.315, 0, 22.944, 48.204, 0
4792243, 32.421, 22.332, 0, 22.971, 48.248, 0
4793928, 32.424, 22.315, 0, 22.973, 48.322, 0
4795614, 32.391, 22.386, 0, 22.968, 48.280, 0
4797300, 32.386, 22.359, 0, 22.944, 48.294, 0
4798985, 32.359, 22.378, 0, 22.930, 48.316, 0
4800671, 32.333, 22.376, 0, 22.947, 48.353, 0
4802357, 32.309, 22.408, 0, 22.947, 48.335, 0
4804042, 32.277, 22.407, 0, 22.949, 48.297, 0
4805728, 32.258, 22.468, 0, 22.914, 48.221, 0
4807414, 32.261, 22.429, 0, 22.922, 48.263, 0
4809099, 32.239, 22.399, 0, 22.930, 48.252, 0
4810785, 32.207, 22.393, 0, 22.944, 48.334, 0
4812470, 32.178, 22.437, 0, 22.933, 48.330, 0
4814156, 32.170, 22.454, 0, 22.933, 48.252, 0
4815842, 32.151, 22.454, 0, 22.933, 48.244, 0
4817527, 32.127, 22.454, 0, 22.947, 48.309, 0
4819213, 32.124, 22.483, 0, 22.949, 48.198, 0
4820899, 32.087, 22.504, 0, 22.960, 48.183, 0
4822584, 32.087, 22.464, 0, 22.944, 48.183, 0
4824270, 32.055, 22.450, 0, 22.960, 48.227, 0
4825956, 32.047, 22.542, 0, 22.944, 48.181, 0
4827641, 32.028, 22.491, 0, 22.947, 48.215, 0
4829327, 31.996, 22.492, 0, 22.973, 48.156, 0
4831013, 31.975, 22.529, 0, 22.960, 48.103, 0
4832698, 31.959, 22.511, 0, 22.963, 48.025, 0
4834384, 31.964, 22.479, 0, 22.947, 48.015, 0
4836069, 31.924, 22.555, 0, 22.947, 48.025, 0
4837755, 31.913, 22.542, 0, 22.944, 48.103, 0
4839441, 31.905, 22.534, 0, 22.947, 48.133, 0
4841126, 31.865, 22.569, 0, 22.917, 48.158, 0
4842812, 31.865, 22.594, 0, 22.941, 48.206, 0
4844498, 31.849, 22.563, 0, 22.928, 48.242, 0
4846183, 31.820, 22.597, 0, 22.917, 48.221, 0
4847869, 31.807, 22.553, 0, 22.896, 48.213, 0
4849555, 31.783, 22.582, 0, 22.912, 48.215, 0
4851240, 31.775, 22.582, 0, 22.898, 48.280, 0
4852926, 31.735, 22.632, 0, 22.906, 48.273, 0
4854612, 31.708, 22.643, 0, 22.880, 48.322, 0
4856297, 31.703, 22.645, 0, 22.885, 48.337, 0
4857983, 31.697, 22.613, 0, 22.912, 48.345, 0
4859668, 31.673, 22.635, 0, 22.901, 48.366, 0
4861354, 31.649, 22.628, 0, 22.909, 48.335, 0
4863040, 31.633, 22.641, 0, 22.898, 48.356, 0
4864725, 31.617, 22.653, 0, 22.922, 48.297, 0
4866411, 31.596, 22.710, 0, 22.909, 48.292, 0
4868097, 31.590, 22.632, 0, 22.914, 48.274, 0
4869782, 31.588, 22.651, 0, 22.936, 48.274, 0
4871468, 31.556, 22.731, 0, 22.912, 48.215, 0
4873154, 31.542, 22.670, 0, 22.914, 48.149, 0
4874839, 31.518, 22.674, 0, 22.906, 48.183, 0
4876525, 31.492, 22.696, 0, 22.904, 48.133, 0
4878211, 31.481, 22.708, 0, 22.912, 48.171, 0
4879896, 31.478, 22.716, 0, 22.922, 48.170, 0
4881582, 31.444, 22.754, 0, 22.933, 48.149, 0
4883267, 31.446, 22.710, 0, 22.944, 48.160, 0
4884953, 31.417, 22.723, 0, 22.936, 48.177, 0
4886639, 31.387, 22.769, 0, 22.960, 48.227, 0
4888324, 31.398, 22.740, 0, 22.965, 48.215, 0
4890010, 31.382, 22.731, 0, 22.939, 48.137, 0
4891696, 31.345, 22.729, 0, 22.949, 48.145, 0
4893381, 31.337, 22.771, 0, 22.933, 48.183, 0
4895067, 31.329, 22.782, 0, 22.947, 48.183, 0
4896753, 31.297, 22.771, 0, 22.936, 48.208, 0
4898438, 31.286, 22.796, 0, 22.906, 48.263, 0
4900124, 31.275, 22.868, 0, 22.936, 48.248, 0
4901810, 31.281, 22.845, 0, 22.914, 48.278, 0
4903495, 31.230, 22.779, 0, 22.936, 48.335, 0
4905181, 31.214, 22.792, 0, 22.896, 48.294, 0
4906866, 31.206, 22.786, 0, 22.898, 48.353, 0
4908552, 31.203, 22.840, 0, 22.944, 48.309, 0
4910238, 31.182, 22.832, 0, 22.936, 48.335, 0
4911923, 31.171, 22.838, 0, 22.917, 48.332, 0
4913609, 31.152, 22.887, 0, 22.960, 48.341, 0
4915295, 31.123, 22.855, 0, 22.949, 48.337, 0
4916980, 31.115, 22.830, 0, 22.933, 48.355, 0
4918666, 31.102, 22.918, 0, 22.941, 48.406, 0
4920352, 31.094, 22.853, 0, 22.949, 48.417, 0
4922037, 31.078, 22.899, 0, 22.955, 48.391, 0
4923723, 31.062, 22.864, 0, 22.960, 48.311, 0
4925408, 31.030, 22.880, 0, 22.933, 48.290, 0
4927094, 31.022, 22.883, 0, 22.944, 48.232, 0
4928780, 31.019, 22.920, 0, 22.941, 48.255, 0
4930465, 30.992, 22.882, 0, 22.920, 48.305, 0
4932151, 30.998, 22.887, 0, 22.933, 48.324, 0
4933837, 30.955, 22.904, 0, 22.920, 48.347, 0
4935522, 30.944, 22.950, 0, 22.936, 48.320, 0
4937208, 30.936, 22.899, 0, 22.898, 48.379, 0
4938894, 30.915, 22.906, 0, 22.896, 48.362, 0
4940579, 30.885, 22.937, 0, 22.909, 48.385, 0
4942265, 30.883, 22.941, 0, 22.912, 48.362, 0
4943951, 30.861, 22.994, 0, 22.893, 48.391, 0
4945636, 30.861, 22.975, 0, 22.906, 48.492, 0
4947322, 30.843, 22.992, 0, 22.901, 48.458, 0
4949007, 30.851, 22.975, 0, 22.912, 48.427, 0
4950693, 30.811, 22.925, 0, 22.885, 48.320, 0
4952379, 30.792, 22.937, 0, 22.930, 48.328, 0
4954064, 30.784, 22.996, 0, 22.917, 48.351, 0
4955750, 30.773, 23.023, 0, 22.933, 48.383, 0
4957436, 30.736, 22.962, 0, 22.912, 48.395, 0
4959121, 30.736, 23.021, 0, 22.922, 48.322, 0
4960807, 30.728, 22.986, 0, 22.928, 48.381, 0
4962493, 30.709, 23.026, 0, 22.930, 48.379, 0
4964178, 30.725, 23.055, 0, 22.936, 48.406, 0
4965864, 30.698, 23.021, 0, 22.922, 48.364, 0
4967550, 30.661, 23.036, 0, 22.941, 48.335, 0
4969235, 30.645, 23.042, 0, 22.914, 48.309, 0
4970921, 30.653, 23.047, 0, 22.920, 48.301, 0
4972606, 30.616, 23.110, 0, 22.912, 48.278, 0
4974292, 30.597, 23.068, 0, 22.904, 48.189, 0
4975978, 30.589, 23.068, 0, 22.906, 48.206, 0
4977663, 30.589, 23.019, 0, 22.893, 48.181, 0
4979349, 30.562, 23.076, 0, 22.896, 48.253, 0
4981035, 30.549, 23.076, 0, 22.901, 48.311, 0
4982720, 30.541, 23.049, 0, 22.912, 48.324, 0
4984406, 30.549, 23.059, 0, 22.880, 48.351, 0
4986092, 30.509, 23.068, 0, 22.888, 48.370, 0
4987777, 30.528, 23.057, 0, 22.912, 48.355, 0
4989463, 30.496, 23.084, 0, 22.901, 48.360, 0
4991148, 30.485, 23.084, 0, 22.912, 48.368, 0
4992834, 30.458, 23.126, 0, 22.896, 48.370, 0
4994520, 30.461, 23.118, 0, 22.896, 48.362, 0
4996205, 30.431, 23.122, 0, 22.898, 48.370, 0
4997891, 30.399, 23.137, 0, 22.904, 48.345, 0
4999577, 30.399, 23.128, 0, 22.885, 48.330, 0
5001262, 30.378, 23.122, 0, 22.888, 48.408, 0
5002948, 30.383, 23.150, 0, 22.882, 48.414, 0
5004634, 30.365, 23.166, 0, 22.888, 48.433, 0
5006319, 30.365, 23.179, 0, 22.896, 48.454, 0
5008005, 30.330, 23.187, 0, 22.882, 48.492, 0
5009691, 30.333, 23.164, 0, 22.901, 48.488, 0
5011376, 30.322, 23.158, 0, 22.877, 48.503, 0
5013062, 30.317, 23.200, 0, 22.874, 48.479, 0
5014747, 30.282, 23.196, 0, 22.885, 48.500, 0
5016433, 30.279, 23.166, 0, 22.858, 48.486, 0
5018119, 30.266, 23.223, 0, 22.853, 48.435, 0
5019804, 30.279, 23.219, 0, 22.872, 48.471, 0
5021490, 30.229, 23.204, 0, 22.885, 48.467, 0
5023176, 30.218, 23.274, 0, 22.842, 48.475, 0
5024861, 30.212, 23.211, 0, 22.842, 48.557, 0
5026547, 30.196, 23.240, 0, 22.848, 48.547, 0
5028233, 30.178, 23.242, 0, 22.837, 48.608, 0
5029918, 30.170, 23.263, 0, 22.845, 48.530, 0
5031604, 30.159, 23.219, 0, 22.834, 48.469, 0
5033290, 30.154, 23.255, 0, 22.848, 48.469, 0
5034975, 30.127, 23.219, 0, 22.872, 48.519, 0
5036661, 30.127, 23.255, 0, 22.834, 48.526, 0
5038346, 30.135, 23.248, 0, 22.861, 48.509, 0
5040032, 30.092, 23.257, 0, 22.832, 48.519, 0
5041718, 30.074, 23.267, 0, 22.845, 48.519, 0
5043403, 30.087, 23.278, 0, 22.842, 48.500, 0
5045089, 30.060, 23.297, 0, 22.861, 48.379, 0
5046775, 30.050, 23.273, 0, 22.837, 48.395, 0
5048460, 30.020, 23.282, 0, 22.864, 48.379, 0
5050146, 30.012, 23.299, 0, 22.842, 48.368, 0
5051832, 29.999, 23.347, 0, 22.858, 48.423, 0
5053517, 29.991, 23.288, 0, 22.850, 48.440, 0
5055203, 30.004, 23.335, 0, 22.826, 48.503, 0
5056888, 29.961, 23.314, 0, 22.832, 48.564, 0
5058574, 29.951, 23.314, 0, 22.826, 48.589, 0
5060260, 29.961, 23.332, 0, 22.832, 48.644, 0
5061945, 29.937, 23.355, 0, 22.837, 48.702, 0
5063631, 29.940, 23.364, 0, 22.845, 48.721, 0
5065317, 29.935, 23.318, 0, 22.845, 48.538, 0
5067002, 29.908, 23.358, 0, 22.848, 48.480, 0
5068688, 29.892, 23.335, 0, 22.845, 48.412, 0
5070374, 29.871, 23.349, 0, 22.856, 48.387, 0
5072059, 29.857, 23.351, 0, 22.845, 48.362, 0
5073745, 29.857, 23.351, 0, 22.874, 48.332, 0
5075431, 29.844, 23.358, 0, 22.845, 48.314, 0
5077116, 29.820, 23.389, 0, 22.869, 48.307, 0
5078802, 29.815, 23.360, 0, 22.866, 48.366, 0
5080487, 29.809, 23.364, 0, 22.858, 48.351, 0
5082173, 29.796, 23.398, 0, 22.858, 48.419, 0
5083859, 29.783, 23.412, 0, 22.869, 48.379, 0
5085544, 29.780, 23.450, 0, 22.848, 48.437, 0
5087230, 29.761, 23.448, 0, 22.872, 48.381, 0
5088916, 29.737, 23.379, 0, 22.869, 48.362, 0
5090601, 29.726, 23.450, 0, 22.874, 48.412, 0
5092287, 29.726, 23.400, 0, 22.874, 48.425, 0
5093973, 29.705, 23.454, 0, 22.885, 48.448, 0
5095658, 29.713, 23.412, 0, 22.890, 48.387, 0
5097344, 29.705, 23.446, 0, 22.872, 48.381, 0
5099030, 29.678, 23.438, 0, 22.893, 48.433, 0
5100715, 29.694, 23.444, 0, 22.880, 48.398, 0
5102401, 29.641, 23.433, 0, 22.893, 48.391, 0
5104086, 29.668, 23.492, 0, 22.914, 48.448, 0
5105772, 29.628, 23.448, 0, 22.914, 48.488, 0
5107458, 29.638, 23.509, 0, 22.922, 48.377, 0
5109143, 29.636, 23.473, 0, 22.914, 48.313, 0
5110829, 29.606, 23.467, 0, 22.939, 48.276, 0
5112515, 29.590, 23.511, 0, 22.936, 48.242, 0
5114200, 29.569, 23.480, 0, 22.906, 48.206, 0
5115886, 29.561, 23.486, 0, 22.917, 48.147, 0
5117572, 29.558, 23.498, 0, 22.933, 48.217, 0
5119257, 29.561, 23.545, 0, 22.912, 48.189, 0
5120943, 29.569, 23.486, 0, 22.947, 48.213, 0
5122628, 29.540, 23.492, 0, 22.922, 48.211, 0
5124314, 29.524, 23.488, 0, 22.922, 48.253, 0
5126000, 29.513, 23.541, 0, 22.912, 48.252, 0
5127685, 29.497, 23.530, 0, 22.912, 48.211, 0
5129371, 29.489, 23.564, 0, 22.912, 48.299, 0
5131057, 29.475, 23.540, 0, 22.941, 48.244, 0
5132742, 29.465, 23.553, 0, 22.930, 48.234, 0
5134428, 29.459, 23.520, 0, 22.912, 48.299, 0
5136114, 29.443, 23.551, 0, 22.898, 48.334, 0
5137799, 29.427, 23.532, 0, 22.904, 48.372, 0
5139485, 29.419, 23.561, 0, 22.914, 48.358, 0
5141171, 29.414, 23.555, 0, 22.912, 48.404, 0
5142856, 29.401, 23.578, 0, 22.952, 48.471, 0
5144542, 29.393, 23.589, 0, 22.944, 48.425, 0
5146227, 29.366, 23.582, 0, 22.963, 48.421, 0
5147913, 29.382, 23.578, 0, 22.960, 48.400, 0
5149599, 29.347, 23.572, 0, 22.944, 48.313, 0
5151284, 29.371, 23.614, 0, 22.965, 48.303, 0
5152970, 29.337, 23.620, 0, 22.955, 48.322, 0
5154656, 29.329, 23.603, 0, 22.936, 48.252, 0
5156341, 29.321, 23.623, 0, 22.949, 48.316, 0
5158027, 29.331, 23.572, 0, 22.960, 48.349, 0
5159713, 29.315, 23.643, 0, 22.949, 48.372, 0
5161398, 29.278, 23.587, 0, 22.971, 48.406, 0
5163084, 29.297, 23.650, 0, 22.965, 48.379, 0
5164769, 29.262, 23.644, 0, 22.957, 48.318, 0
5166455, 29.278, 23.669, 0, 22.941, 48.313, 0
5168141, 29.235, 23.631, 0, 22.944, 48.303, 0
5169826, 29.224, 23.631, 0, 22.968, 48.324, 0
5171512, 29.224, 23.671, 0, 22.963, 48.349, 0
5173198, 29.222, 23.644, 0, 22.936, 48.330, 0
5174883, 29.200, 23.629, 0, 22.944, 48.377, 0
5176569, 29.214, 23.633, 0, 22.968, 48.351, 0
5178255, 29.190, 23.652, 0, 22.917, 48.284, 0
5179940, 29.184, 23.660, 0, 22.930, 48.253, 0
5181626, 29.168, 23.658, 0, 22.944, 48.244, 0
5183312, 29.171, 23.643, 0, 22.949, 48.215, 0
5184997, 29.152, 23.679, 0, 22.906, 48.208, 0
5186683, 29.144, 23.669, 0, 22.933, 48.221, 0
5188368, 29.147, 23.694, 0, 22.936, 48.253, 0
5190054, 29.139, 23.715, 0, 22.939, 48.192, 0
5191740, 29.102, 23.664, 0, 22.944, 48.173, 0
5193425, 29.102, 23.706, 0, 22.971, 48.177, 0
5195111, 29.102, 23.706, 0, 22.955, 48.173, 0
5196797, 29.083, 23.711, 0, 22.939, 48.164, 0
5198482, 29.075, 23.759, 0, 22.952, 48.198, 0
5200168, 29.070, 23.700, 0, 22.925, 48.248, 0
5201854, 29.054, 23.709, 0, 22.944, 48.341, 0
5203539, 29.054, 23.717, 0, 22.963, 48.301, 0
5205225, 29.054, 23.723, 0, 22.936, 48.311, 0
5206911, 29.062, 23.770, 0, 22.952, 48.341, 0
5208596, 29.024, 23.749, 0, 22.960, 48.284, 0
5210282, 29.000, 23.707, 0, 22.952, 48.242, 0
5211967, 29.008, 23.744, 0, 22.971, 48.240, 0
5213653, 28.992, 23.755, 0, 22.973, 48.240, 0
5215339, 28.992, 23.755, 0, 22.965, 48.231, 0
5217024, 28.984, 23.713, 0, 22.965, 48.187, 0
5218710, 28.955, 23.746, 0, 22.955, 48.219, 0
5220396, 28.941, 23.765, 0, 22.960, 48.208, 0
5222081, 28.955, 23.753, 0, 22.973, 48.196, 0
5223767, 28.963, 23.757, 0, 22.944, 48.166, 0
5225453, 28.941, 23.757, 0, 22.955, 48.175, 0
5227138, 28.904, 23.784, 0, 22.949, 48.202, 0
5228824, 28.915, 23.789, 0, 22.944, 48.265, 0
5230510, 28.901, 23.799, 0, 22.955, 48.252, 0
5232195, 28.893, 23.814, 0, 22.963, 48.198, 0
5233881, 28.888, 23.835, 0, 22.963, 48.175, 0
5235566, 28.872, 23.818, 0, 22.949, 48.189, 0
5237252, 28.877, 23.826, 0, 22.957, 48.166, 0
5238938, 28.840, 23.828, 0, 22.936, 48.158, 0
5240623, 28.864, 23.801, 0, 22.947, 48.173, 0
5242309, 28.848, 23.770, 0, 22.917, 48.196, 0
5243995, 28.856, 23.780, 0, 22.930, 48.213, 0
5245680, 28.821, 23.795, 0, 22.917, 48.215, 0
5247366, 28.811, 23.826, 0, 22.904, 48.204, 0
5249052, 28.816, 23.826, 0, 22.885, 48.192, 0
5250737, 28.803, 23.860, 0, 22.922, 48.202, 0
5252423, 28.789, 23.829, 0, 22.896, 48.320, 0
5254109, 28.776, 23.877, 0, 22.885, 48.311, 0
5255794, 28.773, 23.866, 0, 22.920, 48.297, 0
5257480, 28.760, 23.877, 0, 22.896, 48.213, 0
5259165, 28.760, 23.877, 0, 22.912, 48.290, 0
5260851, 28.765, 23.858, 0, 22.906, 48.330, 0
5262537, 28.722, 23.887, 0, 22.912, 48.416, 0
5264222, 28.725, 23.822, 0, 22.912, 48.435, 0
5265908, 28.712, 23.902, 0, 22.909, 48.372, 0
5267594, 28.712, 23.843, 0, 22.925, 48.410, 0
5269279, 28.696, 23.873, 0, 22.933, 48.393, 0
5270965, 28.690, 23.883, 0, 22.973, 48.379, 0
5272651, 28.685, 23.906, 0, 22.984, 48.393, 0
5274336, 28.688, 23.913, 0, 22.984, 48.339, 0
5276022, 28.672, 23.875, 0, 22.971, 48.320, 0
5277707, 28.648, 23.858, 0, 22.963, 48.318, 0
5279393, 28.666, 23.868, 0, 22.981, 48.286, 0
5281079, 28.640, 23.944, 0, 23.000, 48.278, 0
5282764, 28.624, 23.877, 0, 22.976, 48.227, 0
5284450, 28.632, 23.931, 0, 22.955, 48.194, 0
5286136, 28.650, 23.894, 0, 22.976, 48.223, 0
5287821, 28.610, 23.942, 0, 22.971, 48.280, 0
5289507, 28.608, 23.908, 0, 22.963, 48.252, 0
5291193, 28.605, 23.921, 0, 22.971, 48.250, 0
5292878, 28.568, 23.934, 0, 22.955, 48.276, 0
5294564, 28.562, 23.976, 0, 22.987, 48.278, 0
5296250, 28.578, 23.973, 0, 22.965, 48.248, 0
5297935, 28.560, 23.942, 0, 22.960, 48.181, 0
5299621, 28.546, 23.917, 0, 22.947, 48.141, 0
5301306, 28.562, 23.915, 0, 22.947, 48.166, 0
5302992, 28.541, 23.940, 0, 22.965, 48.145, 0
5304678, 28.541, 23.940, 0, 22.930, 48.116, 0
5306363, 28.514, 23.952, 0, 22.957, 48.129, 0
5308049, 28.522, 23.944, 0, 22.941, 48.168, 0
5309735, 28.517, 23.952, 0, 22.944, 48.173, 0
5311420, 28.514, 23.955, 0, 22.957, 48.139, 0
5313106, 28.490, 23.963, 0, 22.944, 48.126, 0
5314792, 28.495, 23.955, 0, 22.973, 48.114, 0
5316477, 28.479, 23.946, 0, 22.960, 48.059, 0
5318163, 28.487, 24.013, 0, 22.971, 48.160, 0
5319849, 28.453, 24.003, 0, 22.960, 48.133, 0
5321534, 28.477, 24.005, 0, 22.917, 48.072, 0
5323220, 28.463, 23.969, 0, 22.963, 48.118, 0
5324905, 28.439, 24.009, 0, 22.944, 48.175, 0
5326591, 28.429, 23.992, 0, 22.939, 48.164, 0
5328277, 28.429, 24.026, 0, 22.955, 48.139, 0
5329962, 28.413, 23.974, 0, 22.933, 48.173, 0
5331648, 28.405, 24.014, 0, 22.971, 48.191, 0
5333334, 28.391, 23.984, 0, 22.963, 48.208, 0
5335019, 28.397, 24.072, 0, 22.963, 48.215, 0
5336705, 28.365, 24.106, 0, 22.960, 48.179, 0
5338391, 28.381, 24.018, 0, 22.957, 48.185, 0
5340076, 28.354, 24.024, 0, 22.963, 48.164, 0
5341762, 28.362, 24.013, 0, 22.952, 48.173, 0
5343448, 28.357, 24.045, 0, 22.965, 48.152, 0
5345133, 28.338, 24.045, 0, 22.947, 48.204, 0
5346819, 28.341, 24.022, 0, 22.944, 48.210, 0
5348504, 28.335, 24.060, 0, 22.947, 48.196, 0
5350190, 28.335, 24.076, 0, 22.960, 48.162, 0
5351876, 28.327, 24.102, 0, 22.939, 48.168, 0
5353561, 28.319, 24.074, 0, 22.949, 48.116, 0
5355247, 28.306, 24.051, 0, 22.949, 48.143, 0
5356933, 28.276, 24.077, 0, 22.941, 48.154, 0
5358618, 28.301, 24.055, 0, 22.933, 48.160, 0
5360304, 28.268, 24.060, 0, 22.960, 48.194, 0
5361990, 28.274, 24.032, 0, 22.960, 48.177, 0
5363675, 28.274, 24.072, 0, 22.944, 48.232, 0
5365361, 28.266, 24.081, 0, 22.955, 48.206, 0
5367047, 28.268, 24.081, 0, 22.963, 48.211, 0
5368732, 28.258, 24.112, 0, 22.973, 48.244, 0
5370418, 28.247, 24.079, 0, 22.949, 48.194, 0
5372103, 28.247, 24.104, 0, 22.947, 48.229, 0
5373789, 28.215, 24.091, 0, 22.968, 48.244, 0
5375475, 28.212, 24.079, 0, 22.963, 48.152, 0
5377160, 28.212, 24.056, 0, 22.971, 48.154, 0
5378846, 28.188, 24.076, 0, 22.963, 48.124, 0
5380532, 28.212, 24.085, 0, 22.933, 48.078, 0
5382217, 28.180, 24.146, 0, 22.947, 48.084, 0
5383903, 28.191, 24.112, 0, 22.971, 48.133, 0
5385589, 28.167, 24.123, 0, 22.976, 48.179, 0
5387274, 28.159, 24.116, 0, 22.955, 48.189, 0
5388960, 28.172, 24.112, 0, 22.971, 48.231, 0
5390646, 28.154, 24.129, 0, 22.973, 48.257, 0
5392331, 28.140, 24.117, 0, 22.971, 48.263, 0
5394017, 28.135, 24.121, 0, 22.981, 48.223, 0
5395702, 28.130, 24.110, 0, 22.976, 48.170, 0
5397388, 28.114, 24.137, 0, 22.955, 48.158, 0
5399074, 28.111, 24.167, 0, 22.960, 48.179, 0
5400759, 28.135, 24.158, 0, 22.947, 48.210, 0
5402445, 28.108, 24.156, 0, 22.968, 48.206, 0
5404131, 28.108, 24.179, 0, 22.960, 48.206, 0
5405816, 28.098, 24.140, 0, 22.947, 48.246, 0
5407502, 28.082, 24.140, 0, 22.963, 48.208, 0
5409188, 28.079, 24.163, 0, 22.968, 48.171, 0
5410873, 28.074, 24.146, 0, 22.960, 48.211, 0
5412559, 28.076, 24.165, 0, 22.973, 48.194, 0
5414245, 28.063, 24.154, 0, 22.944, 48.173, 0
5415930, 28.052, 24.179, 0, 22.963, 48.189, 0
5417616, 28.052, 24.158, 0, 22.965, 48.248, 0
5419301, 28.039, 24.169, 0, 22.944, 48.250, 0
5420987, 28.031, 24.190, 0, 22.955, 48.246, 0
5422673, 28.028, 24.184, 0, 22.949, 48.286, 0
5424358, 28.031, 24.161, 0, 22.952, 48.282, 0
5426044, 28.012, 24.192, 0, 22.960, 48.305, 0
5427730, 27.985, 24.161, 0, 22.955, 48.341, 0
5429415, 27.985, 24.194, 0, 22.971, 48.337, 0
5431101, 27.996, 24.196, 0, 22.960, 48.355, 0
5432787, 27.999, 24.177, 0, 22.933, 48.335, 0
5434472, 27.985, 24.201, 0, 22.979, 48.389, 0
5436158, 27.969, 24.240, 0, 22.973, 48.416, 0
5437844, 27.980, 24.219, 0, 22.965, 48.400, 0
5439529, 27.991, 24.236, 0, 22.973, 48.362, 0
5441215, 27.959, 24.200, 0, 22.984, 48.345, 0
5442900, 27.972, 24.194, 0, 22.973, 48.273, 0
5444586, 27.956, 24.228, 0, 22.981, 48.215, 0
5446272, 27.932, 24.196, 0, 22.973, 48.284, 0
5447957, 27.913, 24.226, 0, 22.960, 48.238, 0
5449643, 27.945, 24.228, 0, 22.941, 48.326, 0
5451329, 27.919, 24.255, 0, 22.955, 48.345, 0
5453014, 27.900, 24.278, 0, 22.955, 48.307, 0
5454700, 27.908, 24.255, 0, 22.949, 48.292, 0
5456386, 27.900, 24.238, 0, 22.955, 48.215, 0
5458071, 27.897, 24.266, 0, 22.968, 48.248, 0
5459757, 27.879, 24.259, 0, 22.960, 48.252, 0
5461442, 27.905, 24.291, 0, 22.944, 48.244, 0
5463128, 27.884, 24.253, 0, 22.949, 48.252, 0
5464814, 27.852, 24.268, 0, 22.939, 48.204, 0
5466499, 27.860, 24.301, 0, 22.955, 48.120, 0
5468185, 27.863, 24.285, 0, 22.968, 48.108, 0
5469871, 27.841, 24.268, 0, 22.968, 48.137, 0
5471556, 27.825, 24.257, 0, 22.960, 48.185, 0
5473242, 27.841, 24.272, 0, 22.957, 48.219, 0
5474928, 27.857, 24.232, 0, 22.963, 48.208, 0
5476613, 27.828, 24.272, 0, 22.968, 48.191, 0
5478299, 27.801, 24.278, 0, 22.965, 48.191, 0
5479985, 27.804, 24.253, 0, 22.973, 48.181, 0
5481670, 27.790, 24.301, 0, 22.960, 48.135, 0
5483356, 27.801, 24.310, 0, 22.963, 48.179, 0
5485042, 27.790, 24.282, 0, 22.997, 48.171, 0
5486727, 27.788, 24.264, 0, 22.965, 48.118, 0
5488413, 27.780, 24.310, 0, 22.997, 48.103, 0
5490098, 27.772, 24.293, 0, 22.965, 48.046, 0
5491784, 27.758, 24.352, 0, 22.984, 48.126, 0
5493470, 27.772, 24.283, 0, 22.997, 48.168, 0
5495155, 27.777, 24.301, 0, 22.992, 48.162, 0
5496841, 27.734, 24.322, 0, 22.997, 48.168, 0
5498527, 27.745, 24.316, 0, 23.008, 48.147, 0
5500212, 27.726, 24.343, 0, 23.008, 48.154, 0
5501898, 27.729, 24.333, 0, 23.000, 48.168, 0
5503584, 27.729, 24.346, 0, 23.000, 48.215, 0
5505269, 27.702, 24.337, 0, 22.997, 48.122, 0
5506955, 27.713, 24.289, 0, 22.995, 48.082, 0
5508640, 27.734, 24.322, 0, 22.989, 48.099, 0
5510326, 27.710, 24.329, 0, 22.989, 48.112, 0
5512012, 27.700, 24.329, 0, 22.992, 48.211, 0
5513697, 27.692, 24.365, 0, 22.984, 48.147, 0
5515383, 27.678, 24.352, 0, 22.960, 48.128, 0
5517069, 27.678, 24.371, 0, 22.973, 48.120, 0
5518754, 27.694, 24.329, 0, 22.955, 48.131, 0
5520440, 27.649, 24.367, 0, 22.981, 48.208, 0
5522126, 27.662, 24.375, 0, 22.981, 48.236, 0
5523811, 27.670, 24.335, 0, 22.971, 48.168, 0
5525497, 27.657, 24.358, 0, 22.952, 48.185, 0
5527183, 27.649, 24.350, 0, 22.960, 48.158, 0
5528868, 27.628, 24.337, 0, 22.976, 48.164, 0
5530554, 27.638, 24.373, 0, 22.976, 48.177, 0
5532239, 27.617, 24.354, 0, 22.955, 48.261, 0
5533925, 27.614, 24.396, 0, 22.976, 48.248, 0
5535611, 27.628, 24.413, 0, 22.989, 48.215, 0
5537296, 27.622, 24.385, 0, 22.984, 48.158, 0
5538982, 27.606, 24.413, 0, 22.960, 48.171, 0
5540668, 27.606, 24.377, 0, 22.952, 48.206, 0
5542353, 27.612, 24.379, 0, 22.963, 48.225, 0
5544039, 27.577, 24.352, 0, 22.957, 48.175, 0
5545725, 27.577, 24.386, 0, 22.944, 48.185, 0
5547410, 27.569, 24.369, 0, 22.947, 48.278, 0
5549096, 27.561, 24.356, 0, 22.928, 48.360, 0
5550782, 27.566, 24.404, 0, 22.952, 48.366, 0
5552467, 27.566, 24.417, 0, 22.922, 48.397, 0
5554153, 27.553, 24.409, 0, 22.917, 48.440, 0
5555838, 27.556, 24.406, 0, 22.933, 48.433, 0
5557524, 27.547, 24.421, 0, 22.917, 48.395, 0
5559210, 27.566, 24.398, 0, 22.925, 48.435, 0
5560895, 27.526, 24.426, 0, 22.917, 48.358, 0
5562581, 27.547, 24.438, 0, 22.933, 48.330, 0
5564267, 27.531, 24.402, 0, 22.944, 48.278, 0
5565952, 27.515, 24.415, 0, 22.933, 48.274, 0
5567638, 27.523, 24.442, 0, 22.944, 48.282, 0
5569324, 27.499, 24.413, 0, 22.963, 48.252, 0
5571009, 27.505, 24.394, 0, 22.968, 48.252, 0
5572695, 27.494, 24.413, 0, 22.965, 48.240, 0
5574381, 27.483, 24.423, 0, 22.957, 48.252, 0
5576066, 27.483, 24.417, 0, 22.963, 48.232, 0
5577752, 27.486, 24.417, 0, 22.947, 48.225, 0
5579437, 27.475, 24.451, 0, 22.955, 48.234, 0
5581123, 27.473, 24.476, 0, 22.973, 48.244, 0
5582809, 27.465, 24.428, 0, 22.939, 48.244, 0
5584494, 27.443, 24.407, 0, 22.947, 48.265, 0
5586180, 27.438, 24.409, 0, 22.955, 48.238, 0
5587866, 27.435, 24.461, 0, 22.933, 48.248, 0
5589551, 27.459, 24.486, 0, 22.933, 48.297, 0
5591237, 27.446, 24.451, 0, 22.922, 48.288, 0
5592923, 27.427, 24.491, 0, 22.936, 48.276, 0
5594608, 27.451, 24.457, 0, 22.960, 48.288, 0
5596294, 27.419, 24.461, 0, 22.965, 48.351, 0
5597979, 27.435, 24.447, 0, 22.944, 48.381, 0
5599665, 27.409, 24.478, 0, 22.960, 48.395, 0
5601351, 27.395, 24.486, 0, 22.933, 48.356, 0
5603036, 27.393, 24.465, 0, 22.963, 48.391, 0
5604722, 27.382, 24.470, 0, 22.936, 48.370, 0
5606408, 27.398, 24.457, 0, 22.944, 48.377, 0
5608093, 27.398, 24.461, 0, 22.947, 48.356, 0
5609779, 27.377, 24.463, 0, 22.941, 48.366, 0
5611465, 27.385, 24.512, 0, 22.947, 48.305, 0
5613150, 27.369, 24.533, 0, 22.944, 48.265, 0
5614836, 27.361, 24.499, 0, 22.947, 48.276, 0
5616522, 27.363, 24.510, 0, 22.933, 48.320, 0
5618207, 27.347, 24.507, 0, 22.973, 48.263, 0
5619893, 27.353, 24.495, 0, 22.949, 48.265, 0
5621578, 27.339, 24.520, 0, 22.939, 48.253, 0
5623264, 27.342, 24.531, 0, 22.944, 48.284, 0
5624950, 27.329, 24.554, 0, 22.933, 48.297, 0
5626635, 27.337, 24.468, 0, 22.936, 48.294, 0
5628321, 27.313, 24.518, 0, 22.949, 48.318, 0
5630007, 27.318, 24.535, 0, 22.944, 48.366, 0
5631692, 27.302, 24.520, 0, 22.933, 48.383, 0
5633378, 27.307, 24.533, 0, 22.933, 48.324, 0
5635064, 27.299, 24.512, 0, 22.933, 48.335, 0
5636749, 27.280, 24.552, 0, 22.947, 48.343, 0
5638435, 27.296, 24.529, 0, 22.947, 48.356, 0
5640121, 27.296, 24.566, 0, 22.971, 48.356, 0
5641806, 27.286, 24.528, 0, 22.936, 48.397, 0
5643492, 27.286, 24.547, 0, 22.936, 48.353, 0
5645177, 27.272, 24.579, 0, 22.914, 48.440, 0
5646863, 27.283, 24.575, 0, 22.955, 48.410, 0
5648549, 27.264, 24.550, 0, 22.947, 48.431, 0
5650234, 27.251, 24.543, 0, 22.944, 48.456, 0
5651920, 27.256, 24.571, 0, 22.936, 48.389, 0
5653606, 27.251, 24.579, 0, 22.933, 48.347, 0
5655291, 27.248, 24.579, 0, 22.896, 48.328, 0
5656977, 27.235, 24.566, 0, 22.917, 48.337, 0
5658663, 27.232, 24.545, 0, 22.917, 48.334, 0
5660348, 27.214, 24.543, 0, 22.936, 48.343, 0
5662034, 27.232, 24.585, 0, 22.928, 48.395, 0
5663720, 27.211, 24.543, 0, 22.944, 48.339, 0
5665405, 27.238, 24.571, 0, 22.933, 48.330, 0
5667091, 27.206, 24.600, 0, 22.960, 48.284, 0
5668776, 27.198, 24.604, 0, 22.971, 48.290, 0
5670462, 27.200, 24.581, 0, 22.947, 48.303, 0
5672148, 27.200, 24.592, 0, 22.947, 48.299, 0
5673833, 27.179, 24.581, 0, 22.944, 48.326, 0
5675519, 27.195, 24.558, 0, 22.963, 48.351, 0
5677205, 27.184, 24.583, 0, 22.963, 48.355, 0
5678890, 27.182, 24.587, 0, 22.984, 48.389, 0
5680576, 27.187, 24.612, 0, 22.960, 48.370, 0
5682262, 27.158, 24.632, 0, 22.963, 48.414, 0
5683947, 27.155, 24.621, 0, 22.965, 48.406, 0
5685633, 27.171, 24.587, 0, 22.963, 48.391, 0
5687318, 27.144, 24.621, 0, 22.960, 48.341, 0
5689004, 27.152, 24.577, 0, 22.981, 48.345, 0
5690690, 27.128, 24.625, 0, 22.939, 48.349, 0
5692375, 27.131, 24.636, 0, 22.944, 48.339, 0
5694061, 27.128, 24.625, 0, 22.963, 48.318, 0
5695747, 27.131, 24.644, 0, 22.944, 48.290, 0
5697432, 27.120, 24.617, 0, 22.944, 48.278, 0
5699118, 27.126, 24.640, 0, 22.955, 48.297, 0
5700804, 27.104, 24.606, 0, 22.949, 48.259, 0
5702489, 27.102, 24.680, 0, 22.939, 48.231, 0
5704175, 27.115, 24.623, 0, 22.930, 48.267, 0
5705861, 27.115, 24.629, 0, 22.963, 48.242, 0
5707546, 27.115, 24.695, 0, 22.944, 48.294, 0
5709232, 27.094, 24.627, 0, 22.947, 48.353, 0
5710917, 27.115, 24.631, 0, 22.963, 48.337, 0
5712603, 27.086, 24.650, 0, 22.952, 48.335, 0
5714289, 27.096, 24.674, 0, 22.944, 48.299, 0
5715974, 27.083, 24.621, 0, 22.963, 48.374, 0
5717660, 27.070, 24.644, 0, 22.939, 48.356, 0
5719346, 27.070, 24.661, 0, 22.952, 48.377, 0
5721031, 27.064, 24.657, 0, 22.960, 48.397, 0
5722717, 27.051, 24.648, 0, 22.949, 48.366, 0
5724403, 27.064, 24.640, 0, 22.949, 48.398, 0
5726088, 27.040, 24.667, 0, 22.939, 48.362, 0
5727774, 27.043, 24.678, 0, 22.957, 48.410, 0
5729460, 27.029, 24.667, 0, 22.949, 48.419, 0
5731145, 27.035, 24.655, 0, 22.960, 48.377, 0
5732831, 27.035, 24.678, 0, 22.992, 48.299, 0
5734516, 27.019, 24.642, 0, 22.992, 48.278, 0
5736202, 27.032, 24.663, 0, 23.003, 48.248, 0
5737888, 27.035, 24.688, 0, 23.005, 48.253, 0
5739573, 27.003, 24.653, 0, 23.000, 48.238, 0
5741259, 27.013, 24.663, 0, 23.019, 48.273, 0
5742945, 27.003, 24.705, 0, 23.021, 48.232, 0
5744630, 27.013, 24.678, 0, 23.021, 48.225, 0
5746316, 26.984, 24.709, 0, 23.037, 48.227, 0
5748002, 26.989, 24.715, 0, 23.024, 48.267, 0
5749687, 26.976, 24.716, 0, 23.032, 48.328, 0
5751373, 26.968, 24.686, 0, 23.035, 48.347, 0
5753059, 26.989, 24.705, 0, 23.011, 48.364, 0
5754744, 26.963, 24.686, 0, 23.008, 48.383, 0
5756430, 26.971, 24.663, 0, 22.997, 48.397, 0
5758115, 26.968, 24.728, 0, 23.008, 48.349, 0
5759801, 26.939, 24.735, 0, 22.997, 48.351, 0
5761487, 26.984, 24.716, 0, 23.000, 48.297, 0
5763172, 26.955, 24.720, 0, 23.019, 48.290, 0
5764858, 26.944, 24.682, 0, 22.987, 48.221, 0
5766544, 26.928, 24.718, 0, 23.013, 48.253, 0
5768229, 26.933, 24.735, 0, 22.997, 48.225, 0
5769915, 26.941, 24.747, 0, 22.992, 48.250, 0
5771601, 26.939, 24.699, 0, 23.000, 48.274, 0
5773286, 26.923, 24.724, 0, 23.000, 48.278, 0
5774972, 26.917, 24.722, 0, 23.003, 48.280, 0
5776658, 26.917, 24.741, 0, 22.979, 48.273, 0
5778343, 26.901, 24.697, 0, 23.000, 48.318, 0
5780029, 26.899, 24.745, 0, 22.984, 48.326, 0
5781714, 26.904, 24.720, 0, 22.971, 48.320, 0
5783400, 26.896, 24.734, 0, 22.973, 48.343, 0
5785086, 26.904, 24.770, 0, 23.003, 48.364, 0
5786771, 26.877, 24.739, 0, 23.005, 48.360, 0
5788457, 26.888, 24.760, 0, 22.981, 48.326, 0
5790143, 26.885, 24.720, 0, 22.976, 48.320, 0
5791828, 26.861, 24.749, 0, 23.008, 48.398, 0
5793514, 26.880, 24.762, 0, 22.987, 48.345, 0
5795200, 26.888, 24.722, 0, 23.000, 48.366, 0
5796885, 26.864, 24.783, 0, 22.976, 48.322, 0
5798571, 26.869, 24.819, 0, 23.008, 48.303, 0
5800257, 26.859, 24.762, 0, 22.987, 48.324, 0
5801942, 26.864, 24.779, 0, 22.997, 48.320, 0
5803628, 26.877, 24.760, 0, 22.992, 48.274, 0
5805313, 26.859, 24.749, 0, 23.000, 48.341, 0
5806999, 26.864, 24.774, 0, 23.000, 48.303, 0
5808685, 26.821, 24.747, 0, 22.981, 48.311, 0
5810370, 26.837, 24.814, 0, 22.979, 48.259, 0
5812056, 26.821, 24.764, 0, 22.984, 48.236, 0
5813742, 26.829, 24.783, 0, 23.021, 48.236, 0
5815427, 26.813, 24.833, 0, 23.008, 48.213, 0
5817113, 26.821, 24.793, 0, 23.016, 48.206, 0
5818799, 26.818, 24.783, 0, 23.040, 48.204, 0
5820484, 26.818, 24.846, 0, 23.053, 48.202, 0
5822170, 26.818, 24.812, 0, 23.013, 48.171, 0
5823855, 26.827, 24.793, 0, 23.029, 48.168, 0
5825541, 26.797, 24.833, 0, 23.045, 48.103, 0
5827227, 26.794, 24.798, 0, 23.045, 48.124, 0
5828912, 26.786, 24.798, 0, 23.059, 48.135, 0
5830598, 26.784, 24.821, 0, 23.035, 48.149, 0
5832284, 26.784, 24.821, 0, 23.035, 48.168, 0
5833969, 26.794, 24.797, 0, 23.024, 48.192, 0
5835655, 26.778, 24.821, 0, 23.024, 48.179, 0
5837341, 26.786, 24.791, 0, 22.987, 48.189, 0
5839026, 26.778, 24.810, 0, 23.032, 48.179, 0
5840712, 26.773, 24.892, 0, 23.032, 48.175, 0
5842398, 26.746, 24.837, 0, 23.035, 48.189, 0
5844083, 26.752, 24.837, 0, 23.037, 48.198, 0
5845769, 26.746, 24.806, 0, 23.027, 48.295, 0
5847454, 26.760, 24.829, 0, 23.032, 48.297, 0
5849140, 26.754, 24.865, 0, 23.024, 48.274, 0
5850826, 26.730, 24.888, 0, 23.032, 48.274, 0
5852511, 26.728, 24.840, 0, 23.003, 48.263, 0
5854197, 26.749, 24.833, 0, 23.005, 48.252, 0
5855883, 26.722, 24.835, 0, 23.008, 48.349, 0
5857568, 26.714, 24.846, 0, 22.997, 48.383, 0
5859254, 26.728, 24.898, 0, 23.003, 48.366, 0
5860940, 26.736, 24.846, 0, 23.013, 48.362, 0
5862625, 26.733, 24.869, 0, 23.011, 48.307, 0
5864311, 26.720, 24.863, 0, 23.019, 48.269, 0
5865997, 26.682, 24.850, 0, 23.003, 48.273, 0
5867682, 26.704, 24.880, 0, 23.008, 48.295, 0
5869368, 26.704, 24.846, 0, 23.024, 48.305, 0
5871053, 26.706, 24.909, 0, 23.024, 48.269, 0
5872739, 26.704, 24.884, 0, 23.032, 48.274, 0
5874425, 26.672, 24.882, 0, 23.048, 48.240, 0
5876110, 26.693, 24.861, 0, 23.035, 48.276, 0
5877796, 26.682, 24.886, 0, 23.053, 48.248, 0
5879482, 26.693, 24.850, 0, 23.053, 48.217, 0
5881167, 26.685, 24.890, 0, 23.059, 48.189, 0
5882853, 26.669, 24.919, 0, 23.077, 48.196, 0
5884539, 26.661, 24.856, 0, 23.075, 48.107, 0
5886224, 26.658, 24.907, 0, 23.056, 48.124, 0
5887910, 26.664, 24.896, 0, 23.048, 48.114, 0
5889596, 26.653, 24.863, 0, 23.051, 48.129, 0
5891281, 26.656, 24.930, 0, 23.051, 48.101, 0
5892967, 26.642, 24.919, 0, 23.061, 48.131, 0
5894652, 26.624, 24.869, 0, 23.035, 48.135, 0
5896338, 26.648, 24.859, 0, 23.053, 48.135, 0
5898024, 26.624, 24.898, 0, 23.019, 48.129, 0
5899709, 26.629, 24.905, 0, 23.019, 48.133, 0
5901395, 26.634, 24.875, 0, 23.024, 48.162, 0
5903081, 26.629, 24.915, 0, 23.040, 48.154, 0
5904766, 26.626, 24.934, 0, 23.024, 48.215, 0
5906452, 26.608, 24.938, 0, 23.027, 48.150, 0
5908138, 26.608, 24.938, 0, 23.037, 48.158, 0
5909823, 26.613, 24.940, 0, 23.013, 48.152, 0
5911509, 26.613, 24.911, 0, 23.037, 48.139, 0
5913195, 26.602, 24.915, 0, 23.021, 48.232, 0
5914880, 26.616, 24.880, 0, 23.011, 48.231, 0
5916566, 26.605, 24.926, 0, 23.008, 48.276, 0
5918251, 26.602, 24.934, 0, 23.005, 48.236, 0
5919937, 26.584, 24.920, 0, 23.051, 48.236, 0
5921623, 26.600, 24.913, 0, 23.043, 48.234, 0
5923308, 26.584, 24.930, 0, 23.040, 48.225, 0
5924994, 26.592, 24.909, 0, 23.024, 48.179, 0
5926680, 26.584, 24.983, 0, 23.056, 48.198, 0
5928365, 26.570, 24.968, 0, 23.051, 48.179, 0
5930051, 26.573, 24.964, 0, 23.043, 48.206, 0
5931737, 26.554, 25.001, 0, 23.035, 48.185, 0
5933422, 26.565, 24.955, 0, 23.035, 48.198, 0
5935108, 26.543, 24.940, 0, 23.024, 48.179, 0
5936793, 26.565, 24.932, 0, 23.019, 48.240, 0
5938479, 26.562, 24.953, 0, 23.035, 48.234, 0
5940165, 26.538, 24.982, 0, 23.016, 48.196, 0
5941850, 26.543, 24.959, 0, 23.032, 48.189, 0
5943536, 26.543, 24.993, 0, 22.992, 48.168, 0
5945222, 26.543, 24.980, 0, 23.021, 48.196, 0
5946907, 26.527, 24.991, 0, 23.000, 48.204, 0
5948593, 26.519, 24.980, 0, 23.000, 48.261, 0
5950279, 26.525, 24.980, 0, 23.008, 48.242, 0
5951964, 26.517, 24.968, 0, 23.000, 48.208, 0
5953650, 26.541, 24.934, 0, 22.997, 48.221, 0
5955336, 26.535, 24.964, 0, 22.973, 48.274, 0
5957021, 26.519, 25.010, 0, 22.997, 48.263, 0
5958707, 26.490, 25.001, 0, 22.997, 48.274, 0
5960392, 26.519, 24.993, 0, 22.997, 48.261, 0
5962078, 26.495, 24.961, 0, 22.971, 48.303, 0
5963764, 26.503, 24.957, 0, 23.000, 48.292, 0
5965449, 26.517, 25.010, 0, 22.971, 48.309, 0
5967135, 26.501, 24.997, 0, 22.981, 48.339, 0
5968821, 26.490, 25.054, 0, 22.971, 48.316, 0
5970506, 26.479, 24.995, 0, 22.971, 48.339, 0
5972192, 26.487, 25.003, 0, 22.960, 48.374, 0
5973878, 26.485, 25.020, 0, 22.957, 48.381, 0
5975563, 26.479, 25.037, 0, 22.973, 48.391, 0
5977249, 26.453, 25.001, 0, 22.960, 48.480, 0
5978935, 26.474, 24.987, 0, 22.968, 48.513, 0
5980620, 26.463, 25.071, 0, 22.963, 48.450, 0
5982306, 26.471, 25.020, 0, 22.963, 48.486, 0
5983991, 26.461, 25.046, 0, 22.955, 48.427, 0
5985677, 26.469, 24.983, 0, 22.963, 48.437, 0
5987363, 26.466, 24.989, 0, 22.960, 48.414, 0
5989048, 26.455, 25.029, 0, 22.947, 48.469, 0
5990734, 26.455, 25.052, 0, 22.928, 48.536, 0
5992420, 26.442, 25.075, 0, 22.928, 48.477, 0
5994105, 26.455, 25.016, 0, 22.944, 48.501, 0
5995791, 26.447, 25.046, 0, 22.944, 48.475, 0
5997477, 26.450, 25.046, 0, 22.968, 48.452, 0
5999162, 26.442, 25.067, 0, 22.955, 48.454, 0
6000848, 26.437, 25.022, 0, 22.965, 48.437, 0
6002534, 26.426, 25.052, 0, 22.933, 48.414, 0
6004219, 26.415, 25.056, 0, 22.971, 48.366, 0
6005905, 26.407, 25.039, 0, 22.960, 48.400, 0
6007590, 26.426, 25.067, 0, 22.963, 48.417, 0
6009276, 26.405, 25.050, 0, 22.973, 48.366, 0
6010962, 26.421, 25.069, 0, 22.976, 48.366, 0
6012647, 26.399, 25.027, 0, 22.984, 48.364, 0
6014333, 26.389, 25.071, 0, 23.000, 48.337, 0
6016019, 26.407, 24.999, 0, 22.968, 48.334, 0
6017704, 26.402, 25.027, 0, 22.997, 48.347, 0
6019390, 26.389, 25.054, 0, 23.000, 48.351, 0
6021076, 26.391, 25.048, 0, 22.987, 48.295, 0
6022761, 26.386, 25.043, 0, 23.011, 48.343, 0
6024447, 26.375, 25.088, 0, 22.944, 48.309, 0
6026132, 26.383, 25.077, 0, 22.971, 48.360, 0
6027818, 26.375, 25.064, 0, 22.981, 48.376, 0
6029504, 26.389, 25.104, 0, 22.981, 48.358, 0
6031189, 26.370, 25.090, 0, 22.973, 48.362, 0
6032875, 26.389, 25.067, 0, 22.971, 48.381, 0
6034561, 26.362, 25.094, 0, 22.971, 48.393, 0
6036246, 26.346, 25.098, 0, 22.992, 48.414, 0
6037932, 26.351, 25.106, 0, 22.971, 48.446, 0
6039618, 26.349, 25.062, 0, 22.971, 48.391, 0
6041303, 26.357, 25.109, 0, 22.973, 48.391, 0
6042989, 26.351, 25.094, 0, 22.973, 48.429, 0
6044675, 26.346, 25.128, 0, 22.976, 48.423, 0
6046360, 26.330, 25.104, 0, 22.979, 48.408, 0
6048046, 26.357, 25.134, 0, 22.979, 48.412, 0
6049732, 26.343, 25.088, 0, 22.995, 48.387, 0
6051417, 26.349, 25.081, 0, 22.981, 48.433, 0
6053103, 26.335, 25.075, 0, 22.973, 48.351, 0
6054788, 26.354, 25.146, 0, 22.981, 48.335, 0
6056474, 26.338, 25.132, 0, 22.984, 48.330, 0
6058160, 26.327, 25.085, 0, 22.992, 48.297, 0
6059845, 26.324, 25.161, 0, 22.997, 48.294, 0
6061531, 26.327, 25.144, 0, 23.008, 48.284, 0
6063217, 26.319, 25.115, 0, 23.003, 48.267, 0
6064902, 26.306, 25.098, 0, 23.027, 48.274, 0
6066588, 26.314, 25.144, 0, 23.040, 48.290, 0
6068274, 26.314, 25.140, 0, 23.045, 48.330, 0
6069959, 26.298, 25.107, 0, 23.040, 48.309, 0
6071645, 26.298, 25.159, 0, 23.045, 48.250, 0
6073331, 26.295, 25.142, 0, 23.040, 48.271, 0
6075016, 26.319, 25.149, 0, 23.032, 48.244, 0
6076702, 26.298, 25.159, 0, 23.037, 48.255, 0
6078387, 26.287, 25.151, 0, 23.035, 48.257, 0
6080073, 26.271, 25.151, 0, 23.032, 48.208, 0
6081759, 26.271, 25.106, 0, 23.011, 48.170, 0
6083444, 26.263, 25.229, 0, 23.037, 48.234, 0
6085130, 26.274, 25.189, 0, 23.024, 48.244, 0
6086816, 26.266, 25.163, 0, 23.032, 48.234, 0
6088501, 26.242, 25.168, 0, 23.051, 48.250, 0
6090187, 26.263, 25.146, 0, 23.011, 48.267, 0
6091873, 26.274, 25.174, 0, 23.019, 48.232, 0
6093558, 26.260, 25.111, 0, 23.024, 48.198, 0
6095244, 26.236, 25.228, 0, 23.008, 48.253, 0
6096930, 26.266, 25.214, 0, 23.008, 48.236, 0
6098615, 26.274, 25.203, 0, 23.032, 48.232, 0
6100301, 26.244, 25.176, 0, 23.008, 48.231, 0
6101986, 26.260, 25.188, 0, 23.024, 48.301, 0
6103672, 26.239, 25.205, 0, 23.029, 48.282, 0
6105358, 26.244, 25.203, 0, 23.024, 48.238, 0
6107043, 26.247, 25.205, 0, 23.035, 48.231, 0
6108729, 26.244, 25.186, 0, 23.027, 48.229, 0
6110415, 26.223, 25.174, 0, 23.032, 48.288, 0
6112100, 26.234, 25.151, 0, 23.035, 48.297, 0
6113786, 26.234, 25.209, 0, 23.037, 48.261, 0
6115472, 26.212, 25.170, 0, 23.043, 48.284, 0
6117157, 26.210, 25.172, 0, 23.053, 48.242, 0
6118843, 26.215, 25.199, 0, 23.045, 48.253, 0
6120528, 26.207, 25.235, 0, 23.043, 48.294, 0
6122214, 26.199, 25.170, 0, 23.040, 48.253, 0
6123900, 26.215, 25.195, 0, 23.053, 48.206, 0
6125585, 26.204, 25.195, 0, 23.067, 48.253, 0
6127271, 26.191, 25.199, 0, 23.072, 48.217, 0
6128957, 26.188, 25.210, 0, 23.051, 48.303, 0
6130642, 26.207, 25.195, 0, 23.072, 48.311, 0
6132328, 26.199, 25.226, 0, 23.064, 48.246, 0
6134014, 26.186, 25.222, 0, 23.067, 48.189, 0
6135699, 26.170, 25.224, 0, 23.029, 48.202, 0
6137385, 26.191, 25.247, 0, 23.040, 48.168, 0
6139071, 26.170, 25.250, 0, 23.045, 48.181, 0
6140756, 26.199, 25.218, 0, 23.072, 48.181, 0
6142442, 26.180, 25.241, 0, 23.085, 48.196, 0
6144127, 26.159, 25.224, 0, 23.069, 48.231, 0
6145813, 26.164, 25.233, 0, 23.061, 48.219, 0
6147499, 26.148, 25.256, 0, 23.069, 48.231, 0
6149184, 26.148, 25.245, 0, 23.080, 48.217, 0
6150870, 26.162, 25.224, 0, 23.085, 48.196, 0
6152556, 26.162, 25.245, 0, 23.072, 48.217, 0
6154241, 26.159, 25.256, 0, 23.080, 48.208, 0
6155927, 26.151, 25.291, 0, 23.072, 48.164, 0
6157613, 26.140, 25.268, 0, 23.091, 48.128, 0
6159298, 26.130, 25.283, 0, 23.083, 48.139, 0
6160984, 26.154, 25.268, 0, 23.061, 48.131, 0
6162670, 26.146, 25.260, 0, 23.061, 48.219, 0
6164355, 26.148, 25.279, 0, 23.061, 48.211, 0
6166041, 26.130, 25.243, 0, 23.043, 48.244, 0
6167726, 26.106, 25.266, 0, 23.024, 48.267, 0
6169412, 26.148, 25.250, 0, 23.045, 48.210, 0
6171098, 26.122, 25.233, 0, 23.029, 48.248, 0
6172783, 26.122, 25.243, 0, 23.035, 48.227, 0
6174469, 26.124, 25.279, 0, 23.024, 48.211, 0
6176155, 26.132, 25.300, 0, 23.027, 48.234, 0
6177840, 26.116, 25.271, 0, 23.021, 48.290, 0
6179526, 26.127, 25.319, 0, 23.008, 48.356, 0
6181212, 26.095, 25.258, 0, 23.016, 48.368, 0
6182897, 26.106, 25.271, 0, 23.043, 48.376, 0
6184583, 26.087, 25.260, 0, 23.037, 48.355, 0
6186269, 26.098, 25.287, 0, 23.035, 48.288, 0
6187954, 26.089, 25.292, 0, 23.048, 48.263, 0
6189640, 26.108, 25.323, 0, 23.051, 48.267, 0
6191325, 26.108, 25.266, 0, 23.053, 48.246, 0
6193011, 26.076, 25.296, 0, 23.035, 48.290, 0
6194697, 26.079, 25.321, 0, 23.056, 48.236, 0
6196382, 26.098, 25.310, 0, 23.035, 48.320, 0
6198068, 26.084, 25.300, 0, 23.029, 48.320, 0
6199754, 26.071, 25.308, 0, 23.043, 48.307, 0
6201439, 26.079, 25.292, 0, 23.035, 48.311, 0
6203125, 26.068, 25.296, 0, 23.029, 48.261, 0
6204811, 26.041, 25.313, 0, 23.024, 48.274, 0
6206496, 26.063, 25.279, 0, 23.029, 48.288, 0
6208182, 26.071, 25.308, 0, 23.051, 48.257, 0
6209868, 26.073, 25.357, 0, 23.037, 48.311, 0
6211553, 26.057, 25.332, 0, 23.027, 48.301, 0
6213239, 26.068, 25.304, 0, 23.035, 48.337, 0
6214924, 26.047, 25.338, 0, 23.037, 48.379, 0
6216610, 26.031, 25.338, 0, 23.027, 48.408, 0
6218296, 26.033, 25.353, 0, 23.000, 48.374, 0
6219981, 26.033, 25.302, 0, 23.008, 48.416, 0
6221667, 26.036, 25.359, 0, 23.016, 48.425, 0
6223353, 26.055, 25.327, 0, 23.008, 48.438, 0
6225038, 26.044, 25.342, 0, 23.000, 48.366, 0
6226724, 26.023, 25.365, 0, 23.019, 48.358, 0
6228410, 26.036, 25.325, 0, 22.997, 48.397, 0
6230095, 26.033, 25.338, 0, 23.008, 48.374, 0
6231781, 26.047, 25.348, 0, 23.035, 48.368, 0
6233466, 26.023, 25.336, 0, 23.016, 48.343, 0
6235152, 26.025, 25.390, 0, 23.003, 48.335, 0
6236838, 26.025, 25.334, 0, 23.013, 48.412, 0
6238523, 25.999, 25.359, 0, 22.997, 48.423, 0
6240209, 26.015, 25.376, 0, 22.997, 48.463, 0
6241895, 26.017, 25.361, 0, 23.008, 48.467, 0
6243580, 26.004, 25.357, 0, 23.000, 48.463, 0
6245266, 26.004, 25.357, 0, 22.979, 48.463, 0
6246952, 26.015, 25.399, 0, 22.987, 48.452, 0
6248637, 25.999, 25.416, 0, 23.021, 48.408, 0
6250323, 26.020, 25.388, 0, 23.011, 48.402, 0
6252009, 26.007, 25.405, 0, 23.005, 48.397, 0
6253694, 26.017, 25.361, 0, 22.997, 48.414, 0
6255380, 25.999, 25.394, 0, 23.011, 48.397, 0
6257065, 25.980, 25.374, 0, 23.003, 48.385, 0
6258751, 25.969, 25.403, 0, 23.011, 48.362, 0
6260437, 25.985, 25.397, 0, 23.013, 48.402, 0
6262122, 26.004, 25.413, 0, 22.997, 48.410, 0
6263808, 25.991, 25.405, 0, 23.024, 48.440, 0
6265494, 25.967, 25.384, 0, 23.051, 48.410, 0
6267179, 26.007, 25.422, 0, 23.037, 48.400, 0
6268865, 25.951, 25.424, 0, 23.029, 48.316, 0
6270551, 25.967, 25.403, 0, 23.056, 48.320, 0
6272236, 25.967, 25.395, 0, 23.061, 48.290, 0
6273922, 25.967, 25.386, 0, 23.045, 48.269, 0
6275608, 25.975, 25.428, 0, 23.051, 48.286, 0
6277293, 25.951, 25.415, 0, 23.064, 48.274, 0
6278979, 25.951, 25.462, 0, 23.048, 48.269, 0
6280664, 25.961, 25.397, 0, 23.035, 48.290, 0
6282350, 25.967, 25.439, 0, 23.075, 48.311, 0
6284036, 25.961, 25.407, 0, 23.075, 48.328, 0
6285721, 25.969, 25.420, 0, 23.053, 48.322, 0
6287407, 25.964, 25.435, 0, 23.035, 48.431, 0
6289093, 25.945, 25.449, 0, 23.027, 48.440, 0
6290778, 25.948, 25.415, 0, 23.024, 48.479, 0
6292464, 25.932, 25.405, 0, 23.043, 48.456, 0
6294150, 25.953, 25.476, 0, 23.019, 48.458, 0
6295835, 25.924, 25.449, 0, 23.019, 48.458, 0
6297521, 25.932, 25.466, 0, 23.008, 48.477, 0
6299207, 25.945, 25.401, 0, 22.981, 48.465, 0
6300892, 25.932, 25.449, 0, 22.995, 48.549, 0
6302578, 25.929, 25.477, 0, 22.987, 48.520, 0
6304263, 25.924, 25.441, 0, 22.981, 48.561, 0
6305949, 25.913, 25.424, 0, 23.008, 48.564, 0
6307635, 25.919, 25.470, 0, 23.008, 48.482, 0
6309320, 25.911, 25.468, 0, 23.019, 48.509, 0
6311006, 25.913, 25.453, 0, 23.032, 48.482, 0
6312692, 25.929, 25.460, 0, 23.011, 48.437, 0
6314377, 25.903, 25.445, 0, 23.029, 48.444, 0
6316063, 25.903, 25.447, 0, 23.027, 48.398, 0
6317749, 25.913, 25.464, 0, 23.027, 48.410, 0
6319434, 25.911, 25.493, 0, 23.027, 48.398, 0
6321120, 25.900, 25.527, 0, 23.008, 48.408, 0
6322806, 25.903, 25.474, 0, 23.011, 48.398, 0
6324491, 25.900, 25.458, 0, 23.024, 48.377, 0
6326177, 25.900, 25.428, 0, 23.059, 48.389, 0
6327862, 25.879, 25.485, 0, 23.029, 48.370, 0
6329548, 25.887, 25.485, 0, 23.040, 48.339, 0
6331234, 25.905, 25.504, 0, 23.035, 48.368, 0
6332919, 25.876, 25.430, 0, 23.013, 48.377, 0
6334605, 25.889, 25.504, 0, 23.064, 48.374, 0
6336291, 25.887, 25.519, 0, 23.045, 48.356, 0
6337976, 25.876, 25.474, 0, 23.024, 48.398, 0
6339662, 25.855, 25.502, 0, 23.040, 48.419, 0
6341348, 25.860, 25.523, 0, 23.008, 48.519, 0
6343033, 25.873, 25.502, 0, 23.013, 48.578, 0
6344719, 25.876, 25.498, 0, 23.037, 48.574, 0
6346405, 25.865, 25.514, 0, 23.027, 48.562, 0
6348090, 25.871, 25.519, 0, 23.024, 48.526, 0
6349776, 25.860, 25.538, 0, 23.037, 48.500, 0
6351461, 25.860, 25.489, 0, 23.021, 48.456, 0
6353147, 25.863, 25.523, 0, 23.027, 48.400, 0
6354833, 25.852, 25.525, 0, 23.024, 48.347, 0
6356518, 25.838, 25.535, 0, 23.037, 48.353, 0
6358204, 25.841, 25.542, 0, 23.035, 48.397, 0
6359890, 25.857, 25.537, 0, 23.027, 48.438, 0
6361575, 25.830, 25.546, 0, 23.035, 48.437, 0
6363261, 25.855, 25.523, 0, 23.051, 48.404, 0
6364947, 25.825, 25.535, 0, 23.035, 48.360, 0
6366632, 25.828, 25.552, 0, 23.045, 48.389, 0
6368318, 25.830, 25.548, 0, 23.080, 48.419, 0
6370004, 25.844, 25.548, 0, 23.051, 48.402, 0
6371689, 25.817, 25.559, 0, 23.083, 48.362, 0
6373375, 25.817, 25.516, 0, 23.051, 48.364, 0
6375060, 25.806, 25.552, 0, 23.061, 48.358, 0
6376746, 25.814, 25.540, 0, 23.056, 48.412, 0
6378432, 25.801, 25.563, 0, 23.053, 48.404, 0
6380117, 25.801, 25.584, 0, 23.069, 48.383, 0
6381803, 25.790, 25.561, 0, 23.067, 48.353, 0
6383489, 25.801, 25.580, 0, 23.048, 48.435, 0
6385174, 25.812, 25.569, 0, 23.027, 48.395, 0
6386860, 25.804, 25.550, 0, 23.037, 48.437, 0
6388546, 25.804, 25.584, 0, 23.051, 48.402, 0
6390231, 25.817, 25.544, 0, 23.043, 48.473, 0
6391917, 25.809, 25.546, 0, 23.013, 48.456, 0
6393603, 25.798, 25.596, 0, 23.021, 48.484, 0
6395288, 25.804, 25.544, 0, 23.008, 48.482, 0
6396974, 25.774, 25.544, 0, 23.008, 48.488, 0
6398659, 25.788, 25.586, 0, 23.008, 48.532, 0
6400345, 25.774, 25.565, 0, 22.981, 48.526, 0
6402031, 25.793, 25.624, 0, 23.000, 48.490, 0
6403716, 25.801, 25.600, 0, 22.981, 48.511, 0
6405402, 25.785, 25.567, 0, 22.971, 48.484, 0
6407088, 25.780, 25.586, 0, 23.008, 48.492, 0
6408773, 25.774, 25.596, 0, 22.976, 48.538, 0
6410459, 25.782, 25.586, 0, 22.997, 48.530, 0
6412145, 25.780, 25.601, 0, 22.989, 48.543, 0
6413830, 25.764, 25.596, 0, 22.979, 48.545, 0
6415516, 25.758, 25.611, 0, 22.981, 48.578, 0
6417202, 25.769, 25.619, 0, 22.989, 48.578, 0
6418887, 25.769, 25.643, 0, 23.000, 48.503, 0
6420573, 25.777, 25.615, 0, 23.005, 48.511, 0
6422258, 25.740, 25.657, 0, 22.987, 48.520, 0
6423944, 25.748, 25.617, 0, 23.005, 48.488, 0
6425630, 25.766, 25.638, 0, 23.008, 48.511, 0
6427315, 25.745, 25.634, 0, 22.989, 48.461, 0
6429001, 25.766, 25.584, 0, 23.003, 48.509, 0
6430687, 25.753, 25.649, 0, 23.008, 48.536, 0
6432372, 25.745, 25.624, 0, 22.997, 48.509, 0
6434058, 25.742, 25.647, 0, 23.008, 48.505, 0
6435744, 25.729, 25.617, 0, 23.000, 48.591, 0
6437429, 25.748, 25.622, 0, 22.971, 48.622, 0
6439115, 25.732, 25.640, 0, 22.971, 48.641, 0
6440800, 25.748, 25.659, 0, 22.971, 48.675, 0
6442486, 25.737, 25.636, 0, 22.960, 48.625, 0
6444172, 25.740, 25.685, 0, 22.971, 48.641, 0
